osm_id,jurisd_base_id,jurisd_local_id,name,parent_abbrev,abbrev,wikidata_id,lexlabel,isolabel_ext,ddd,info
242480,76,4300901,Aratiba,RS,ARB,33961,aratiba,BR-RS-Aratiba,54,"{""postalCode_ranges"": ""[99770-000 99789-999]""}"
242682,76,4300034,Aceguá,RS,,913259,acegua,BR-RS-Acegua,53,"{""postalCode_ranges"": ""[96445-000 96449-999]""}"
242438,76,4300059,Água Santa,RS,AHS,249795,agua.santa,BR-RS-AguaSanta,54,"{""postalCode_ranges"": ""[99965-000 99969-999]""}"
242758,76,4300109,Agudo,RS,AUD,398173,agudo,BR-RS-Agudo,55,"{""postalCode_ranges"": ""[96540-000 96544-999]""}"
242740,76,4300208,Ajuricaba,RS,,413408,ajuricaba,BR-RS-Ajuricaba,55,"{""postalCode_ranges"": ""[98750-000 98757-999]""}"
242326,76,4300307,Alecrim,RS,AEM,995308,alecrim,BR-RS-Alecrim,55,"{""postalCode_ranges"": ""[98950-000 98954-999]""}"
242346,76,4300406,Alegrete,RS,ALG,851276,alegrete,BR-RS-Alegrete,55,"{""postalCode_ranges"": ""[97540-001 97559-999]""}"
242375,76,4300455,Alegria,RS,AGQ,601127,alegria,BR-RS-Alegria,55,"{""postalCode_ranges"": ""[98905-000 98909-999]""}"
242597,76,4300471,Almirante Tamandaré do Sul,RS,,957758,almirante.tamandare.sul,BR-RS-AlmiranteTamandareSul,54,"{""postalCode_ranges"": ""[99523-000 99524-999]""}"
242578,76,4300505,Alpestre,RS,ASR,957796,alpestre,BR-RS-Alpestre,55,"{""postalCode_ranges"": ""[98480-000 98499-999]""}"
242493,76,4300554,Alto Alegre,RS,AAY,1806753,alto.alegre,BR-RS-AltoAlegre,54,"{""postalCode_ranges"": ""[99430-000 99434-999]""}"
242606,76,4300570,Alto Feliz,RS,,33958,alto.feliz,BR-RS-AltoFeliz,51,"{""postalCode_ranges"": ""[95773-000 95774-999]""}"
242711,76,4300604,Alvorada,RS,AVA,449593,alvorada,BR-RS-Alvorada,51,"{""postalCode_ranges"": ""[94800-001 94899-999]""}"
242564,76,4300638,Amaral Ferrador,RS,AFD,33955,amaral.ferrador,BR-RS-AmaralFerrador,51,"{""postalCode_ranges"": ""[96635-000 96639-999]""}"
242323,76,4300646,Ametista do Sul,RS,,33945,ametista.sul,BR-RS-AmetistaSul,55,"{""postalCode_ranges"": ""[98465-000 98469-999]""}"
242529,76,4300661,André da Rocha,RS,ADH,523535,andre.rocha,BR-RS-AndreRocha,54,"{""postalCode_ranges"": ""[95310-000 95314-999]""}"
242745,76,4300703,Anta Gorda,RS,ATY,33944,anta.gorda,BR-RS-AntaGorda,51,"{""postalCode_ranges"": ""[95980-000 95984-999]""}"
242642,76,4300802,Antônio Prado,RS,AOD,33949,antonio.prado,BR-RS-AntonioPrado,54,"{""postalCode_ranges"": ""[95250-000 95254-999]""}"
242645,76,4300851,Arambaré,RS,,33953,arambare,BR-RS-Arambare,51,"{""postalCode_ranges"": ""[96178-000 96179-999]""}"
242538,76,4300877,Araricá,RS,,626331,ararica,BR-RS-Ararica,51,"{""postalCode_ranges"": ""[93880-000 93889-999]""}"
242537,76,4301008,Arroio do Meio,RS,AOI,1758806,arroio.meio,BR-RS-ArroioMeio,51,"{""postalCode_ranges"": ""[95940-000 95944-999]""}"
242423,76,4301057,Arroio do Sal,RS,AKS,1648525,arroio.sal,BR-RS-ArroioSal,51,"{""postalCode_ranges"": ""[95585-000 95587-999]""}"
242336,76,4301073,Arroio do Padre,RS,,510698,arroio.padre,BR-RS-ArroioPadre,53,"{""postalCode_ranges"": ""[96155-000 96159-999]""}"
242612,76,4301107,Arroio dos Ratos,RS,ADR,1750199,arroio.ratos,BR-RS-ArroioRatos,51,"{""postalCode_ranges"": ""[96740-000 96744-999]""}"
242306,76,4301206,Arroio do Tigre,RS,AOT,33964,arroio.tigre,BR-RS-ArroioTigre,51,"{""postalCode_ranges"": ""[96950-000 96989-999]""}"
242292,76,4301305,Arroio Grande,RS,AOG,950879,arroio.grande,BR-RS-ArroioGrande,53,"{""postalCode_ranges"": ""[96330-000 96359-999]""}"
242618,76,4301404,Arvorezinha,RS,AVZ,1749878,arvorezinha,BR-RS-Arvorezinha,51,"{""postalCode_ranges"": ""[95995-000 95996-999]""}"
242305,76,4301503,Augusto Pestana,RS,ASP,600118,augusto.pestana,BR-RS-AugustoPestana,55,"{""postalCode_ranges"": ""[98740-000 98749-999]""}"
242445,76,4301552,Áurea,RS,AUW,1786460,aurea,BR-RS-Aurea,54,"{""postalCode_ranges"": ""[99835-000 99837-999]""}"
242547,76,4301602,Bagé,RS,BGE,119140,bage,BR-RS-Bage,53,"{""postalCode_ranges"": ""[96400-001 96444-999]""}"
242681,76,4301636,Balneário Pinhal,RS,,1648530,balneario.pinhal,BR-RS-BalnearioPinhal,51,"{""postalCode_ranges"": ""[95599-000 95599-999]""}"
242516,76,4301651,Barão,RS,BRB,1758344,barao,BR-RS-Barao,51,"{""postalCode_ranges"": ""[95730-000 95734-999]""}"
242770,76,4301701,Barão de Cotegipe,RS,BCG,1786792,barao.cotegipe,BR-RS-BaraoCotegipe,54,"{""postalCode_ranges"": ""[99740-000 99749-999]""}"
242768,76,4301750,Barão do Triunfo,RS,,1750098,barao.triunfo,BR-RS-BaraoTriunfo,51,"{""postalCode_ranges"": ""[96735-000 96739-999]""}"
242369,76,4301800,Barracão,RS,BCO,970961,barracao,BR-RS-Barracao,54,"{""postalCode_ranges"": ""[95370-000 95379-999]""}"
242767,76,4301859,Barra do Guarita,RS,,1757715,barra.guarita,BR-RS-BarraGuarita,55,"{""postalCode_ranges"": ""[98530-000 98534-999]""}"
242748,76,4301875,Barra do Quaraí,RS,,654843,barra.quarai,BR-RS-BarraQuarai,55,"{""postalCode_ranges"": ""[97538-000 97539-999]""}"
242325,76,4301909,Barra do Ribeiro,RS,BRO,808802,barra.ribeiro,BR-RS-BarraRibeiro,51,"{""postalCode_ranges"": ""[96790-000 96799-999]""}"
242657,76,4301925,Barra do Rio Azul,RS,,1112822,barra.rio.azul,BR-RS-BarraRioAzul,54,"{""postalCode_ranges"": ""[99795-000 99799-999]""}"
242452,76,4301958,Barra Funda,RS,,584762,barra.funda,BR-RS-BarraFunda,54,"{""postalCode_ranges"": ""[99585-000 99589-999]""}"
242589,76,4302006,Barros Cassal,RS,BSL,1786797,barros.cassal,BR-RS-BarrosCassal,54,"{""postalCode_ranges"": ""[99360-000 99369-999]""}"
242355,76,4302055,Benjamin Constant do Sul,RS,,1786627,benjamin.constant.sul,BR-RS-BenjaminConstantSul,54,"{""postalCode_ranges"": ""[99650-000 99654-999]""}"
242504,76,4302105,Bento Gonçalves,RS,BGV,548652,bento.goncalves,BR-RS-BentoGoncalves,54,"{""postalCode_ranges"": ""[95700-001 95714-999]""}"
242737,76,4302154,Boa Vista das Missões,RS,,1758280,boa.vista.missoes,BR-RS-BoaVistaMissoes,55,"{""postalCode_ranges"": ""[98335-000 98337-999]""}"
242717,76,4302204,Boa Vista do Buricá,RS,BTB,1786675,boa.vista.burica,BR-RS-BoaVistaBurica,55,"{""postalCode_ranges"": ""[98918-000 98918-999]""}"
242419,76,4302220,Boa Vista do Cadeado,RS,,2007792,boa.vista.cadeado,BR-RS-BoaVistaCadeado,55,"{""postalCode_ranges"": ""[98118-000 98119-999]""}"
242466,76,4302238,Boa Vista do Incra,RS,,1803204,boa.vista.incra,BR-RS-BoaVistaIncra,55,"{""postalCode_ranges"": ""[98120-000 98124-999]""}"
242412,76,4302253,Boa Vista do Sul,RS,,1757685,boa.vista.sul,BR-RS-BoaVistaSul,54,"{""postalCode_ranges"": ""[95727-000 95729-999]""}"
242338,76,4302303,Bom Jesus,RS,BMJ,891720,bom.jesus,BR-RS-BomJesus,54,"{""postalCode_ranges"": ""[95290-000 95299-999]""}"
242765,76,4302352,Bom Princípio,RS,BPR,1648506,bom.principio,BR-RS-BomPrincipio,51,"{""postalCode_ranges"": ""[95765-000 95767-999]""}"
242580,76,4302378,Bom Progresso,RS,,570340,bom.progresso,BR-RS-BomProgresso,55,"{""postalCode_ranges"": ""[98575-000 98579-999]""}"
242630,76,4302402,Bom Retiro do Sul,RS,BRL,1758844,bom.retiro.sul,BR-RS-BomRetiroSul,51,"{""postalCode_ranges"": ""[95870-000 95874-999]""}"
242439,76,4302451,Boqueirão do Leão,RS,BQL,1758759,boqueirao.leao,BR-RS-BoqueiraoLeao,51,"{""postalCode_ranges"": ""[95920-000 95922-999]""}"
242756,76,4302501,Bossoroca,RS,BSR,1786682,bossoroca,BR-RS-Bossoroca,55,"{""postalCode_ranges"": ""[97850-000 97869-999]""}"
242514,76,4302584,Bozano,RS,,347692,bozano,BR-RS-Bozano,55,"{""postalCode_ranges"": ""[98733-000 98734-999]""}"
242754,76,4302600,Braga,RS,BRX,614230,braga,BR-RS-Braga,55,"{""postalCode_ranges"": ""[98560-000 98569-999]""}"
242389,76,4302659,Brochier,RS,BMT,1750187,brochier,BR-RS-Brochier,51,"{""postalCode_ranges"": ""[95790-000 95792-999]""}"
242499,76,4302709,Butiá,RS,BUA,640384,butia,BR-RS-Butia,51,"{""postalCode_ranges"": ""[96750-000 96754-999]""}"
242698,76,4302808,Caçapava do Sul,RS,CPU,1749869,cacapava.sul,BR-RS-CacapavaSul,55,"{""postalCode_ranges"": ""[96570-000 96589-999]""}"
242785,76,4302907,Cacequi,RS,CQI,1757709,cacequi,BR-RS-Cacequi,55,"{""postalCode_ranges"": ""[97450-000 97499-999]""}"
242666,76,4303004,Cachoeira do Sul,RS,CCR,166378,cachoeira.sul,BR-RS-CachoeiraSul,51,"{""postalCode_ranges"": ""[96500-001 96529-999]""}"
242515,76,4303103,Cachoeirinha,RS,CHN,957697,cachoeirinha,BR-RS-Cachoeirinha,51,"{""postalCode_ranges"": ""[94900-001 94999-999]""}"
242442,76,4303202,Cacique Doble,RS,CQD,1786666,cacique.doble,BR-RS-CaciqueDoble,54,"{""postalCode_ranges"": ""[99860-000 99869-999]""}"
242724,76,4303301,Caibaté,RS,CXI,742521,caibate,BR-RS-Caibate,55,"{""postalCode_ranges"": ""[97930-000 97934-999]""}"
242510,76,4303400,Caiçara,RS,CYC,1786846,caicara,BR-RS-Caicara,55,"{""postalCode_ranges"": ""[98440-000 98449-999]""}"
242427,76,4303509,Camaquã,RS,CAM,986275,camaqua,BR-RS-Camaqua,51,"{""postalCode_ranges"": ""[96180-000 96189-999]""}"
242759,76,4303558,Camargo,RS,CGQ,1822931,camargo,BR-RS-Camargo,54,"{""postalCode_ranges"": ""[99165-000 99169-999]""}"
242524,76,4303608,Cambará do Sul,RS,CLW,612092,cambara.sul,BR-RS-CambaraSul,54,"{""postalCode_ranges"": ""[95480-000 95499-999]""}"
242750,76,4303673,Campestre da Serra,RS,,1031008,campestre.serra,BR-RS-CampestreSerra,54,"{""postalCode_ranges"": ""[95255-000 95259-999]""}"
242680,76,4303707,Campina das Missões,RS,CYI,1786644,campina.missoes,BR-RS-CampinaMissoes,55,"{""postalCode_ranges"": ""[98975-000 98979-999]""}"
242779,76,4303806,Campinas do Sul,RS,CPY,1807790,campinas.sul,BR-RS-CampinasSul,54,"{""postalCode_ranges"": ""[99660-000 99664-999]""}"
242613,76,4303905,Campo Bom,RS,CBM,388073,campo.bom,BR-RS-CampoBom,51,"{""postalCode_ranges"": ""[93700-000 93799-999]""}"
242404,76,4304002,Campo Novo,RS,CMV,1786685,campo.novo,BR-RS-CampoNovo,55,"{""postalCode_ranges"": ""[98570-000 98574-999]""}"
242716,76,4304101,Campos Borges,RS,CBG,1758309,campos.borges,BR-RS-CamposBorges,54,"{""postalCode_ranges"": ""[99435-000 99439-999]""}"
242601,76,4304200,Candelária,RS,CND,1786799,candelaria,BR-RS-Candelaria,51,"{""postalCode_ranges"": ""[96930-000 96949-999]""}"
242586,76,4304309,Cândido Godói,RS,CYG,942053,candido.godoi,BR-RS-CandidoGodoi,55,"{""postalCode_ranges"": ""[98970-000 98974-999]""}"
242342,76,4304358,Candiota,RS,,1749864,candiota,BR-RS-Candiota,53,"{""postalCode_ranges"": ""[96495-000 96499-999]""}"
242467,76,4304408,Canela,RS,CEN,995318,canela,BR-RS-Canela,54,"{""postalCode_ranges"": ""[95680-000 95689-999]""}"
242492,76,4304507,Canguçu,RS,CGU,984559,cangucu,BR-RS-Cangucu,53,"{""postalCode_ranges"": ""[96600-000 96609-999]""}"
242574,76,4304606,Canoas,RS,CAN,194325,canoas,BR-RS-Canoas,51,"{""postalCode_ranges"": ""[92000-001 92479-999]""}"
242507,76,4304614,Canudos do Vale,RS,,645413,canudos.vale,BR-RS-CanudosVale,51,"{""postalCode_ranges"": ""[95933-000 95934-999]""}"
242709,76,4304622,Capão Bonito do Sul,RS,,765830,capao.bonito.sul,BR-RS-CapaoBonitoSul,54,"{""postalCode_ranges"": ""[95308-000 95309-999]""}"
242700,76,4304630,Capão da Canoa,RS,KDK,958607,capao.canoa,BR-RS-CapaoCanoa,51,"{""postalCode_ranges"": ""[95555-000 95559-999]""}"
242757,76,4304655,Capão do Cipó,RS,,1803147,capao.cipo,BR-RS-CapaoCipo,55,"{""postalCode_ranges"": ""[97753-000 97754-999]""}"
242377,76,4304663,Capão do Leão,RS,KPL,1749867,capao.leao,BR-RS-CapaoLeao,53,"{""postalCode_ranges"": ""[96160-000 96169-999]""}"
242376,76,4304671,Capivari do Sul,RS,,1750182,capivari.sul,BR-RS-CapivariSul,51,"{""postalCode_ranges"": ""[95552-000 95554-999]""}"
242291,76,4304689,Capela de Santana,RS,CQN,642247,capela.santana,BR-RS-CapelaSantana,51,"{""postalCode_ranges"": ""[95745-000 95747-999]""}"
242461,76,4304697,Capitão,RS,,1758752,capitao,BR-RS-Capitao,51,"{""postalCode_ranges"": ""[95935-000 95936-999]""}"
242295,76,4304705,Carazinho,RS,CIO,772910,carazinho,BR-RS-Carazinho,54,"{""postalCode_ranges"": ""[99500-000 99522-999]""}"
242335,76,4304713,Caraá,RS,,973169,caraa,BR-RS-Caraa,51,"{""postalCode_ranges"": ""[95515-000 95519-999]""}"
242337,76,4304804,Carlos Barbosa,RS,CLB,1757704,carlos.barbosa,BR-RS-CarlosBarbosa,54,"{""postalCode_ranges"": ""[95185-000 95189-999]""}"
242349,76,4304853,Carlos Gomes,RS,,1758557,carlos.gomes,BR-RS-CarlosGomes,54,"{""postalCode_ranges"": ""[99825-000 99829-999]""}"
242353,76,4304903,Casca,RS,CSX,1786658,casca,BR-RS-Casca,54,"{""postalCode_ranges"": ""[99260-000 99264-999]""}"
242677,76,4304952,Caseiros,RS,CFR,950522,caseiros,BR-RS-Caseiros,54,"{""postalCode_ranges"": ""[95315-000 95319-999]""}"
242459,76,4305009,Catuípe,RS,CTU,592766,catuipe,BR-RS-Catuipe,55,"{""postalCode_ranges"": ""[98770-000 98779-999]""}"
242327,76,4310504,Iraí,RS,IAY,1757726,irai,BR-RS-Irai,55,"{""postalCode_ranges"": ""[98460-000 98464-999]""}"
242450,76,4305108,Caxias do Sul,RS,CSL,110017,caxias.sul,BR-RS-CaxiasSul,54,"{""postalCode_ranges"": ""[95000-001 95149-999]""}"
242568,76,4305116,Centenário,RS,,387167,centenario,BR-RS-Centenario,54,"{""postalCode_ranges"": ""[99838-000 99839-999]""}"
242477,76,4305124,Cerrito,RS,,1785871,cerrito,BR-RS-Cerrito,53,"{""postalCode_ranges"": ""[96395-000 96399-999]""}"
242526,76,4305132,Cerro Branco,RS,CQB,1758795,cerro.branco,BR-RS-CerroBranco,51,"{""postalCode_ranges"": ""[96535-000 96539-999]""}"
242411,76,4305157,Cerro Grande,RS,CGC,1758274,cerro.grande,BR-RS-CerroGrande,55,"{""postalCode_ranges"": ""[98340-000 98344-999]""}"
242444,76,4305173,Cerro Grande do Sul,RS,CGZ,684946,cerro.grande.sul,BR-RS-CerroGrandeSul,51,"{""postalCode_ranges"": ""[96770-000 96789-999]""}"
242300,76,4305207,Cerro Largo,RS,CRR,1786013,cerro.largo,BR-RS-CerroLargo,55,"{""postalCode_ranges"": ""[97900-000 97919-999]""}"
242567,76,4305306,Chapada,RS,CPD,1758303,chapada,BR-RS-Chapada,54,"{""postalCode_ranges"": ""[99530-000 99559-999]""}"
242541,76,4305355,Charqueadas,RS,CQU,1751344,charqueadas,BR-RS-Charqueadas,51,"{""postalCode_ranges"": ""[96745-000 96749-999]""}"
242735,76,4305371,Charrua,RS,,1803097,charrua,BR-RS-Charrua,54,"{""postalCode_ranges"": ""[99960-000 99964-999]""}"
242625,76,4305405,Chiapetta,RS,CXE,600802,chiapetta,BR-RS-Chiapetta,55,"{""postalCode_ranges"": ""[98760-000 98764-999]""}"
242755,76,4305439,Chuí,RS,,665968,chui,BR-RS-Chui,53,"{""postalCode_ranges"": ""[96255-000 96269-999]""}"
242699,76,4305447,Chuvisca,RS,,921983,chuvisca,BR-RS-Chuvisca,51,"{""postalCode_ranges"": ""[96193-000 96194-999]""}"
242407,76,4305454,Cidreira,RS,CFD,1749883,cidreira,BR-RS-Cidreira,51,"{""postalCode_ranges"": ""[95595-000 95598-999]""}"
242728,76,4305504,Ciríaco,RS,CXR,1784232,ciriaco,BR-RS-Ciriaco,54,"{""postalCode_ranges"": ""[99970-000 99979-999]""}"
242702,76,4305587,Colinas,RS,,1759203,colinas,BR-RS-Colinas,51,"{""postalCode_ranges"": ""[95895-000 95899-999]""}"
242651,76,4305603,Colorado,RS,CXL,1185008,colorado,BR-RS-Colorado,54,"{""postalCode_ranges"": ""[99460-000 99469-999]""}"
242708,76,4305702,Condor,RS,CWR,600843,condor,BR-RS-Condor,55,"{""postalCode_ranges"": ""[98290-000 98299-999]""}"
242707,76,4305801,Constantina,RS,CTW,1996363,constantina,BR-RS-Constantina,54,"{""postalCode_ranges"": ""[99680-000 99686-999]""}"
242546,76,4305835,Coqueiro Baixo,RS,,1785829,coqueiro.baixo,BR-RS-CoqueiroBaixo,51,"{""postalCode_ranges"": ""[95955-000 95959-999]""}"
242563,76,4305850,Coqueiros do Sul,RS,,1749866,coqueiros.sul,BR-RS-CoqueirosSul,54,"{""postalCode_ranges"": ""[99528-000 99529-999]""}"
242784,76,4305871,Coronel Barros,RS,,600835,coronel.barros,BR-RS-CoronelBarros,55,"{""postalCode_ranges"": ""[98735-000 98739-999]""}"
242692,76,4305900,Coronel Bicaco,RS,CEB,600830,coronel.bicaco,BR-RS-CoronelBicaco,55,"{""postalCode_ranges"": ""[98580-000 98589-999]""}"
242458,76,4305934,Coronel Pilar,RS,,1803215,coronel.pilar,BR-RS-CoronelPilar,54,"{""postalCode_ranges"": ""[95726-000 95726-999]""}"
242617,76,4305959,Cotiporã,RS,CWK,1757465,cotipora,BR-RS-Cotipora,54,"{""postalCode_ranges"": ""[95335-000 95339-999]""}"
242723,76,4305975,Coxilha,RS,,671644,coxilha,BR-RS-Coxilha,54,"{""postalCode_ranges"": ""[99145-000 99149-999]""}"
242489,76,4306007,Crissiumal,RS,CSU,279130,crissiumal,BR-RS-Crissiumal,55,"{""postalCode_ranges"": ""[98640-000 98669-999]""}"
242339,76,4306056,Cristal,RS,CIJ,2662293,cristal,BR-RS-Cristal,51,"{""postalCode_ranges"": ""[96195-000 96199-999]""}"
242542,76,4306072,Cristal do Sul,RS,,1784929,cristal.sul,BR-RS-CristalSul,55,"{""postalCode_ranges"": ""[98368-000 98369-999]""}"
242367,76,4306106,Cruz Alta,RS,CZA,985966,cruz.alta,BR-RS-CruzAlta,55,"{""postalCode_ranges"": ""[98000-001 98059-999]""}"
242385,76,4306130,Cruzaltense,RS,CZX,2007550,cruzaltense,BR-RS-Cruzaltense,54,"{""postalCode_ranges"": ""[99665-000 99669-999]""}"
242543,76,4306205,Cruzeiro do Sul,RS,CZR,2008079,cruzeiro.sul,BR-RS-CruzeiroSul,51,"{""postalCode_ranges"": ""[95930-000 95932-999]""}"
242491,76,4306304,David Canabarro,RS,DVC,612650,david.canabarro,BR-RS-DavidCanabarro,54,"{""postalCode_ranges"": ""[99980-000 99989-999]""}"
242593,76,4306320,Derrubadas,RS,,638794,derrubadas,BR-RS-Derrubadas,55,"{""postalCode_ranges"": ""[98528-000 98529-999]""}"
242304,76,4306353,Dezesseis de Novembro,RS,DZN,1784407,dezesseis.novembro,BR-RS-DezesseisNovembro,55,"{""postalCode_ranges"": ""[97845-000 97849-999]""}"
242536,76,4306379,Dilermando de Aguiar,RS,,630661,dilermando.aguiar,BR-RS-DilermandoAguiar,55,"{""postalCode_ranges"": ""[97180-000 97184-999]""}"
242652,76,4306403,Dois Irmãos,RS,DSR,783009,dois.irmaos,BR-RS-DoisIrmaos,51,"{""postalCode_ranges"": ""[93950-000 93989-999]""}"
242611,76,4306429,Dois Irmãos das Missões,RS,,1784275,dois.irmaos.missoes,BR-RS-DoisIrmaosMissoes,55,"{""postalCode_ranges"": ""[98385-000 98389-999]""}"
242373,76,4306452,Dois Lajeados,RS,DLD,588452,dois.lajeados,BR-RS-DoisLajeados,54,"{""postalCode_ranges"": ""[99220-000 99239-999]""}"
242363,76,4306502,Dom Feliciano,RS,DMF,1750443,dom.feliciano,BR-RS-DomFeliciano,51,"{""postalCode_ranges"": ""[96190-000 96192-999]""}"
242623,76,4306551,Dom Pedro de Alcântara,RS,,1749957,dom.pedro.alcantara,BR-RS-DomPedroAlcantara,51,"{""postalCode_ranges"": ""[95568-000 95571-999]""}"
242431,76,4306601,Dom Pedrito,RS,,1749875,dom.pedrito,BR-RS-DomPedrito,53,"{""postalCode_ranges"": ""[96450-000 96459-999]""}"
242341,76,4306700,Dona Francisca,RS,DOF,1757149,dona.francisca,BR-RS-DonaFrancisca,55,"{""postalCode_ranges"": ""[97280-000 97299-999]""}"
242689,76,4306734,Doutor Maurício Cardoso,RS,DMC,1785476,doutor.mauricio.cardoso,BR-RS-DoutorMauricioCardoso,55,"{""postalCode_ranges"": ""[98925-000 98929-999]""}"
242656,76,4306759,Doutor Ricardo,RS,,1758892,doutor.ricardo,BR-RS-DoutorRicardo,51,"{""postalCode_ranges"": ""[95967-000 95969-999]""}"
242691,76,4306767,Eldorado do Sul,RS,ESU,1754600,eldorado.sul,BR-RS-EldoradoSul,51,"{""postalCode_ranges"": ""[92990-000 92999-999]""}"
242356,76,4306809,Encantado,RS,ETD,226009,encantado,BR-RS-Encantado,51,"{""postalCode_ranges"": ""[95960-000 95964-999]""}"
242654,76,4306908,Encruzilhada do Sul,RS,ESL,600808,encruzilhada.sul,BR-RS-EncruzilhadaSul,51,"{""postalCode_ranges"": ""[96610-000 96634-999]""}"
242497,76,4306924,Engenho Velho,RS,,1786448,engenho.velho,BR-RS-EngenhoVelho,54,"{""postalCode_ranges"": ""[99698-000 99699-999]""}"
242447,76,4306932,Entre-Ijuís,RS,EIJ,590326,entre.ijuis,BR-RS-EntreIjuis,55,"{""postalCode_ranges"": ""[98855-000 98859-999]""}"
242392,76,4306957,Entre Rios do Sul,RS,ERI,749754,entre.rios.sul,BR-RS-EntreRiosSul,54,"{""postalCode_ranges"": ""[99645-000 99649-999]""}"
242570,76,4306973,Erebango,RS,ERB,776015,erebango,BR-RS-Erebango,54,"{""postalCode_ranges"": ""[99920-000 99924-999]""}"
242622,76,4307005,Erechim,RS,ERE,642088,erechim,BR-RS-Erechim,54,"{""postalCode_ranges"": ""[99700-001 99717-999]""}"
242752,76,4307054,Ernestina,RS,ENS,174286,ernestina,BR-RS-Ernestina,54,"{""postalCode_ranges"": ""[99140-000 99144-999]""}"
242321,76,4307104,Herval,RS,HVL,1756956,herval,BR-RS-Herval,53,"{""postalCode_ranges"": ""[96310-000 96329-999]""}"
242388,76,4307203,Erval Grande,RS,EVE,590650,erval.grande,BR-RS-ErvalGrande,54,"{""postalCode_ranges"": ""[99750-000 99759-999]""}"
242421,76,4307302,Erval Seco,RS,EVS,1785508,erval.seco,BR-RS-ErvalSeco,55,"{""postalCode_ranges"": ""[98390-000 98399-999]""}"
242297,76,4307401,Esmeralda,RS,ESD,1803126,esmeralda,BR-RS-Esmeralda,54,"{""postalCode_ranges"": ""[95380-000 95389-999]""}"
242380,76,4307450,Esperança do Sul,RS,,1784225,esperanca.sul,BR-RS-EsperancaSul,55,"{""postalCode_ranges"": ""[98635-000 98639-999]""}"
242746,76,4307500,Espumoso,RS,EPO,1749871,espumoso,BR-RS-Espumoso,54,"{""postalCode_ranges"": ""[99400-000 99429-999]""}"
242688,76,4307559,Estação,RS,EGV,1803196,estacao,BR-RS-Estacao,54,"{""postalCode_ranges"": ""[99930-000 99939-999]""}"
242647,76,4307609,Estância Velha,RS,EVA,985499,estancia.velha,BR-RS-EstanciaVelha,51,"{""postalCode_ranges"": ""[93600-001 93699-999]""}"
242778,76,4307708,Esteio,RS,EIO,958661,esteio,BR-RS-Esteio,51,"{""postalCode_ranges"": ""[93250-001 93299-999]""}"
242395,76,4307807,Estrela,RS,ETA,779064,estrela,BR-RS-Estrela,51,"{""postalCode_ranges"": ""[95880-000 95884-999]""}"
242764,76,4307815,Estrela Velha,RS,,940700,estrela.velha,BR-RS-EstrelaVelha,51,"{""postalCode_ranges"": ""[96990-000 96999-999]""}"
242496,76,4307831,Eugênio de Castro,RS,EGC,1784295,eugenio.castro,BR-RS-EugenioCastro,55,"{""postalCode_ranges"": ""[98860-000 98864-999]""}"
242634,76,4307864,Fagundes Varela,RS,FVL,1786383,fagundes.varela,BR-RS-FagundesVarela,54,"{""postalCode_ranges"": ""[95333-000 95333-999]""}"
242726,76,4307906,Farroupilha,RS,FRL,535531,farroupilha,BR-RS-Farroupilha,54,"{""postalCode_ranges"": ""[95180-000 95184-999]""}"
242313,76,4308003,Faxinal do Soturno,RS,FXO,1758171,faxinal.soturno,BR-RS-FaxinalSoturno,55,"{""postalCode_ranges"": ""[97220-000 97229-999]""}"
242314,76,4308052,Faxinalzinho,RS,FXZ,1758357,faxinalzinho,BR-RS-Faxinalzinho,54,"{""postalCode_ranges"": ""[99655-000 99659-999]""}"
242610,76,4308078,Fazenda Vilanova,RS,,1758834,fazenda.vilanova,BR-RS-FazendaVilanova,51,"{""postalCode_ranges"": ""[95875-000 95879-999]""}"
242608,76,4308102,Feliz,RS,FIZ,1750056,feliz,BR-RS-Feliz,51,"{""postalCode_ranges"": ""[95770-000 95772-999]""}"
242551,76,4308201,Flores da Cunha,RS,FCA,1757597,flores.cunha,BR-RS-FloresCunha,54,"{""postalCode_ranges"": ""[95270-000 95274-999]""}"
242669,76,4308250,Floriano Peixoto,RS,,1786719,floriano.peixoto,BR-RS-FlorianoPeixoto,54,"{""postalCode_ranges"": ""[99910-000 99919-999]""}"
242749,76,4308300,Fontoura Xavier,RS,FXV,630520,fontoura.xavier,BR-RS-FontouraXavier,54,"{""postalCode_ranges"": ""[99370-000 99379-999]""}"
242398,76,4308409,Formigueiro,RS,FMG,1784334,formigueiro,BR-RS-Formigueiro,55,"{""postalCode_ranges"": ""[97210-000 97219-999]""}"
242725,76,4308433,Forquetinha,RS,,1803240,forquetinha,BR-RS-Forquetinha,51,"{""postalCode_ranges"": ""[95937-000 95939-999]""}"
242722,76,4308458,Fortaleza dos Valos,RS,FZV,961448,fortaleza.valos,BR-RS-FortalezaValos,55,"{""postalCode_ranges"": ""[98125-000 98129-999]""}"
242766,76,4308508,Frederico Westphalen,RS,FWN,375650,frederico.westphalen,BR-RS-FredericoWestphalen,55,"{""postalCode_ranges"": ""[98400-000 98409-999]""}"
242633,76,4308607,Garibaldi,RS,GRD,385465,garibaldi,BR-RS-Garibaldi,54,"{""postalCode_ranges"": ""[95720-000 95725-999]""}"
242720,76,4308656,Garruchos,RS,,1754446,garruchos,BR-RS-Garruchos,55,"{""postalCode_ranges"": ""[97690-000 97699-999]""}"
242358,76,4308706,Gaurama,RS,GAU,1785519,gaurama,BR-RS-Gaurama,54,"{""postalCode_ranges"": ""[99830-000 99834-999]""}"
242455,76,4308805,General Câmara,RS,GLC,1754588,general.camara,BR-RS-GeneralCamara,51,"{""postalCode_ranges"": ""[95820-000 95832-999]""}"
242470,76,4308854,Gentil,RS,,1252673,gentil,BR-RS-Gentil,54,"{""postalCode_ranges"": ""[99160-000 99164-999]""}"
242511,76,4308904,Getúlio Vargas,RS,,1750452,getulio.vargas,BR-RS-GetulioVargas,54,"{""postalCode_ranges"": ""[99900-000 99909-999]""}"
242303,76,4309001,Giruá,RS,GRA,1785990,girua,BR-RS-Girua,55,"{""postalCode_ranges"": ""[98870-000 98894-999]""}"
242484,76,4309050,Glorinha,RS,GLI,985511,glorinha,BR-RS-Glorinha,51,"{""postalCode_ranges"": ""[94380-000 94399-999]""}"
242571,76,4309100,Gramado,RS,GDO,694833,gramado,BR-RS-Gramado,54,"{""postalCode_ranges"": ""[95670-000 95679-999]""}"
242635,76,4309126,Gramado dos Loureiros,RS,,1786434,gramado.loureiros,BR-RS-GramadoLoureiros,54,"{""postalCode_ranges"": ""[99605-000 99609-999]""}"
242555,76,4309159,Gramado Xavier,RS,,1758731,gramado.xavier,BR-RS-GramadoXavier,51,"{""postalCode_ranges"": ""[96875-000 96877-999]""}"
242324,76,4309209,Gravataí,RS,GTI,694822,gravatai,BR-RS-Gravatai,51,"{""postalCode_ranges"": ""[94000-001 94379-999]""}"
242641,76,4309258,Guabiju,RS,GBJ,1785836,guabiju,BR-RS-Guabiju,54,"{""postalCode_ranges"": ""[95355-000 95359-999]""}"
242368,76,4309308,Guaíba,RS,GUB,957668,guaiba,BR-RS-Guaiba,51,"{""postalCode_ranges"": ""[92500-000 92849-999]""}"
242386,76,4309407,Guaporé,RS,GAO,1758136,guapore,BR-RS-Guapore,54,"{""postalCode_ranges"": ""[99200-000 99214-999]""}"
242500,76,4309506,Guarani das Missões,RS,GMS,1758128,guarani.missoes,BR-RS-GuaraniMissoes,55,"{""postalCode_ranges"": ""[97950-000 97959-999]""}"
242556,76,4309555,Harmonia,RS,HMN,1151685,harmonia,BR-RS-Harmonia,51,"{""postalCode_ranges"": ""[95785-000 95789-999]""}"
242684,76,4309571,Herveiras,RS,,1758745,herveiras,BR-RS-Herveiras,51,"{""postalCode_ranges"": ""[96888-000 96889-999]""}"
242370,76,4309605,Horizontina,RS,HZA,785177,horizontina,BR-RS-Horizontina,55,"{""postalCode_ranges"": ""[98920-000 98924-999]""}"
242409,76,4309654,Hulha Negra,RS,,1750097,hulha.negra,BR-RS-HulhaNegra,53,"{""postalCode_ranges"": ""[96460-000 96469-999]""}"
242629,76,4309704,Humaitá,RS,HUA,1008223,humaita,BR-RS-Humaita,55,"{""postalCode_ranges"": ""[98670-000 98674-999]""}"
242533,76,4309753,Ibarama,RS,IBQ,1785844,ibarama,BR-RS-Ibarama,51,"{""postalCode_ranges"": ""[96925-000 96929-999]""}"
242440,76,4309803,Ibiaçá,RS,IBK,1784309,ibiaca,BR-RS-Ibiaca,54,"{""postalCode_ranges"": ""[99940-000 99949-999]""}"
242714,76,4309902,Ibiraiaras,RS,IBS,956087,ibiraiaras,BR-RS-Ibiraiaras,54,"{""postalCode_ranges"": ""[95305-000 95307-999]""}"
242674,76,4309951,Ibirapuitã,RS,IBZ,1774765,ibirapuita,BR-RS-Ibirapuita,54,"{""postalCode_ranges"": ""[99320-000 99329-999]""}"
242414,76,4310009,Ibirubá,RS,IBR,194423,ibiruba,BR-RS-Ibiruba,54,"{""postalCode_ranges"": ""[98200-000 98229-999]""}"
242498,76,4310108,Igrejinha,RS,IJH,926647,igrejinha,BR-RS-Igrejinha,51,"{""postalCode_ranges"": ""[95650-000 95659-999]""}"
242352,76,4310207,Ijuí,RS,IJI,194374,ijui,BR-RS-Ijui,55,"{""postalCode_ranges"": ""[98700-000 98732-999]""}"
242587,76,4310306,Ilópolis,RS,ILP,1757392,ilopolis,BR-RS-Ilopolis,51,"{""postalCode_ranges"": ""[95990-000 95994-999]""}"
242558,76,4310330,Imbé,RS,IBD,592652,imbe,BR-RS-Imbe,51,"{""postalCode_ranges"": ""[95625-000 95629-999]""}"
242744,76,4310363,Imigrante,RS,IMT,736649,imigrante,BR-RS-Imigrante,51,"{""postalCode_ranges"": ""[95885-000 95889-999]""}"
242576,76,4310405,Independência,RS,IDD,2077905,independencia,BR-RS-Independencia,55,"{""postalCode_ranges"": ""[98915-000 98917-999]""}"
242371,76,4310413,Inhacorá,RS,,348258,inhacora,BR-RS-Inhacora,55,"{""postalCode_ranges"": ""[98765-000 98769-999]""}"
242506,76,4310439,Ipê,RS,IPF,741764,ipe,BR-RS-Ipe,54,"{""postalCode_ranges"": ""[95240-000 95249-999]""}"
242312,76,4310462,Ipiranga do Sul,RS,IZG,1786472,ipiranga.sul,BR-RS-IpirangaSul,54,"{""postalCode_ranges"": ""[99925-000 99929-999]""}"
242662,76,4310538,Itaara,RS,,1757446,itaara,BR-RS-Itaara,55,"{""postalCode_ranges"": ""[97185-000 97189-999]""}"
242653,76,4310553,Itacurubi,RS,ICQ,1757590,itacurubi,BR-RS-Itacurubi,55,"{""postalCode_ranges"": ""[97685-000 97689-999]""}"
242331,76,4310579,Itapuca,RS,,1757396,itapuca,BR-RS-Itapuca,51,"{""postalCode_ranges"": ""[95997-000 95999-999]""}"
242425,76,4310603,Itaqui,RS,IQI,1750103,itaqui,BR-RS-Itaqui,55,"{""postalCode_ranges"": ""[97650-000 97669-999]""}"
242315,76,4310652,Itati,RS,,1785875,itati,BR-RS-Itati,51,"{""postalCode_ranges"": ""[95538-000 95539-999]""}"
242462,76,4310702,Itatiba do Sul,RS,ITL,1758338,itatiba.sul,BR-RS-ItatibaSul,54,"{""postalCode_ranges"": ""[99760-000 99769-999]""}"
242328,76,4310751,Ivorá,RS,IVO,1757439,ivora,BR-RS-Ivora,55,"{""postalCode_ranges"": ""[98160-000 98169-999]""}"
242783,76,4310801,Ivoti,RS,IVI,983487,ivoti,BR-RS-Ivoti,51,"{""postalCode_ranges"": ""[93900-000 93939-999]""}"
242549,76,4310850,Jaboticaba,RS,JBT,1758334,jaboticaba,BR-RS-Jaboticaba,55,"{""postalCode_ranges"": ""[98350-000 98359-999]""}"
242739,76,4310876,Jacuizinho,RS,,194286,jacuizinho,BR-RS-Jacuizinho,55,"{""postalCode_ranges"": ""[99457-000 99459-999]""}"
242330,76,4310900,Jacutinga,RS,JTG,2077978,jacutinga,BR-RS-Jacutinga,54,"{""postalCode_ranges"": ""[99730-000 99734-999]""}"
242390,76,4311007,Jaguarão,RS,JAO,942201,jaguarao,BR-RS-Jaguarao,53,"{""postalCode_ranges"": ""[96300-000 96309-999]""}"
242329,76,4311106,Jaguari,RS,JGI,634501,jaguari,BR-RS-Jaguari,55,"{""postalCode_ranges"": ""[97760-000 97769-999]""}"
242485,76,4311122,Jaquirana,RS,JQR,947648,jaquirana,BR-RS-Jaquirana,54,"{""postalCode_ranges"": ""[95420-000 95479-999]""}"
242775,76,4311130,Jari,RS,,984569,jari,BR-RS-Jari,55,"{""postalCode_ranges"": ""[98175-000 98179-999]""}"
242614,76,4311155,Jóia,RS,JOW,194507,joia,BR-RS-Joia,55,"{""postalCode_ranges"": ""[98180-000 98199-999]""}"
242550,76,4311205,Júlio de Castilhos,RS,JCS,1754330,julio.castilhos,BR-RS-JulioCastilhos,55,"{""postalCode_ranges"": ""[98130-000 98139-999]""}"
242448,76,4311239,Lagoa Bonita do Sul,RS,,1785881,lagoa.bonita.sul,BR-RS-LagoaBonitaSul,51,"{""postalCode_ranges"": ""[96920-000 96924-999]""}"
242432,76,4311254,Lagoão,RS,LAA,1774445,lagoao,BR-RS-Lagoao,51,"{""postalCode_ranges"": ""[99340-000 99344-999]""}"
242486,76,4311270,Lagoa dos Três Cantos,RS,,586905,lagoa.tres.cantos,BR-RS-LagoaTresCantos,54,"{""postalCode_ranges"": ""[99495-000 99499-999]""}"
-764311304,76,4311304,Lagoa Vermelha,RS,LVH,985575,lagoa.vermelha,BR-RS-LagoaVermelha,54,"{""postalCode_ranges"": ""[95300-000 95304-999]""}"
242487,76,4311403,Lajeado,RS,LJO,1012550,lajeado,BR-RS-Lajeado,51,"{""postalCode_ranges"": ""[95900-001 95914-999]""}"
242365,76,4311429,Lajeado do Bugre,RS,,1758290,lajeado.bugre,BR-RS-LajeadoBugre,55,"{""postalCode_ranges"": ""[98320-000 98322-999]""}"
242760,76,4311502,Lavras do Sul,RS,LVL,1750149,lavras.sul,BR-RS-LavrasSul,55,"{""postalCode_ranges"": ""[97390-000 97399-999]""}"
242332,76,4311601,Liberato Salzano,RS,LLZ,1784434,liberato.salzano,BR-RS-LiberatoSalzano,55,"{""postalCode_ranges"": ""[99690-000 99697-999]""}"
242307,76,4311627,Lindolfo Collor,RS,,1648535,lindolfo.collor,BR-RS-LindolfoCollor,51,"{""postalCode_ranges"": ""[93940-000 93944-999]""}"
242659,76,4311643,Linha Nova,RS,,733173,linha.nova,BR-RS-LinhaNova,51,"{""postalCode_ranges"": ""[95768-000 95769-999]""}"
242584,76,4311700,Machadinho,RS,,1757409,machadinho,BR-RS-Machadinho,54,"{""postalCode_ranges"": ""[99880-000 99889-999]""}"
242667,76,4311718,Maçambará,RS,,1750082,macambara,BR-RS-Macambara,55,"{""postalCode_ranges"": ""[97645-000 97649-999]""}"
242590,76,4311734,Mampituba,RS,,1750179,mampituba,BR-RS-Mampituba,51,"{""postalCode_ranges"": ""[95572-000 95574-999]""}"
242553,76,4311759,Manoel Viana,RS,,1750110,manoel.viana,BR-RS-ManoelViana,55,"{""postalCode_ranges"": ""[97640-000 97644-999]""}"
242344,76,4311775,Maquiné,RS,,983509,maquine,BR-RS-Maquine,51,"{""postalCode_ranges"": ""[95530-000 95534-999]""}"
242638,76,4311791,Maratá,RS,,1750080,marata,BR-RS-Marata,51,"{""postalCode_ranges"": ""[95793-000 95794-999]""}"
242572,76,4311809,Marau,RS,MRA,1784401,marau,BR-RS-Marau,54,"{""postalCode_ranges"": ""[99150-000 99154-999]""}"
242474,76,4311908,Marcelino Ramos,RS,MEL,1757733,marcelino.ramos,BR-RS-MarcelinoRamos,54,"{""postalCode_ranges"": ""[99800-000 99809-999]""}"
242378,76,4311981,Mariana Pimentel,RS,,957142,mariana.pimentel,BR-RS-MarianaPimentel,51,"{""postalCode_ranges"": ""[92900-000 92989-999]""}"
242521,76,4312005,Mariano Moro,RS,MMO,1786003,mariano.moro,BR-RS-MarianoMoro,54,"{""postalCode_ranges"": ""[99790-000 99794-999]""}"
242464,76,4312054,Marques de Souza,RS,,985567,marques.souza,BR-RS-MarquesSouza,51,"{""postalCode_ranges"": ""[95923-000 95924-999]""}"
242730,76,4312104,Mata,RS,MTX,960563,mata,BR-RS-Mata,55,"{""postalCode_ranges"": ""[97410-000 97417-999]""}"
242582,76,4312138,Mato Castelhano,RS,,1784286,mato.castelhano,BR-RS-MatoCastelhano,54,"{""postalCode_ranges"": ""[99180-000 99189-999]""}"
242383,76,4312153,Mato Leitão,RS,,1758925,mato.leitao,BR-RS-MatoLeitao,51,"{""postalCode_ranges"": ""[95835-000 95839-999]""}"
242345,76,4312179,Mato Queimado,RS,,1785815,mato.queimado,BR-RS-MatoQueimado,55,"{""postalCode_ranges"": ""[97935-000 97939-999]""}"
242403,76,4312203,Maximiliano de Almeida,RS,MXM,1757239,maximiliano.almeida,BR-RS-MaximilianoAlmeida,54,"{""postalCode_ranges"": ""[99890-000 99894-999]""}"
242465,76,4312252,Minas do Leão,RS,,1750029,minas.leao,BR-RS-MinasLeao,51,"{""postalCode_ranges"": ""[96755-000 96759-999]""}"
242671,76,4312302,Miraguaí,RS,MRG,1786369,miraguai,BR-RS-Miraguai,55,"{""postalCode_ranges"": ""[98540-000 98549-999]""}"
242289,76,4312351,Montauri,RS,MTY,1757423,montauri,BR-RS-Montauri,54,"{""postalCode_ranges"": ""[99255-000 99259-999]""}"
242664,76,4312377,Monte Alegre dos Campos,RS,,985495,monte.alegre.campos,BR-RS-MonteAlegreCampos,54,"{""postalCode_ranges"": ""[95236-000 95239-999]""}"
242636,76,4312385,Monte Belo do Sul,RS,,1757428,monte.belo.sul,BR-RS-MonteBeloSul,54,"{""postalCode_ranges"": ""[95718-000 95719-999]""}"
242695,76,4312401,Montenegro,RS,MGO,1001470,montenegro,BR-RS-Montenegro,51,"{""postalCode_ranges"": ""[95780-000 95782-999]""}"
242769,76,4312427,Mormaço,RS,,1757400,mormaco,BR-RS-Mormaco,54,"{""postalCode_ranges"": ""[99315-000 99319-999]""}"
242310,76,4312443,Morrinhos do Sul,RS,,1750064,morrinhos.sul,BR-RS-MorrinhosSul,51,"{""postalCode_ranges"": ""[95577-000 95579-999]""}"
242706,76,4312450,Morro Redondo,RS,MRF,505340,morro.redondo,BR-RS-MorroRedondo,53,"{""postalCode_ranges"": ""[96150-000 96154-999]""}"
242588,76,4312476,Morro Reuter,RS,,749214,morro.reuter,BR-RS-MorroReuter,51,"{""postalCode_ranges"": ""[93990-000 93994-999]""}"
242394,76,4312500,Mostardas,RS,MST,1754551,mostardas,BR-RS-Mostardas,51,"{""postalCode_ranges"": ""[96270-000 96289-999]""}"
242316,76,4312609,Muçum,RS,MWM,776428,mucum,BR-RS-Mucum,51,"{""postalCode_ranges"": ""[95970-000 95971-999]""}"
242534,76,4312617,Muitos Capões,RS,,985572,muitos.capoes,BR-RS-MuitosCapoes,54,"{""postalCode_ranges"": ""[95230-000 95235-999]""}"
242658,76,4312625,Muliterno,RS,,1785451,muliterno,BR-RS-Muliterno,54,"{""postalCode_ranges"": ""[99990-000 99999-999]""}"
242456,76,4312658,Não-Me-Toque,RS,NMT,600814,nao.me.toque,BR-RS-NaoMeToque,54,"{""postalCode_ranges"": ""[99470-000 99489-999]""}"
242527,76,4312674,Nicolau Vergueiro,RS,,956006,nicolau.vergueiro,BR-RS-NicolauVergueiro,54,"{""postalCode_ranges"": ""[99175-000 99179-999]""}"
242522,76,4312708,Nonoai,RS,NNI,941207,nonoai,BR-RS-Nonoai,54,"{""postalCode_ranges"": ""[99600-000 99604-999]""}"
242729,76,4312757,Nova Alvorada,RS,NAV,1758157,nova.alvorada,BR-RS-NovaAlvorada,54,"{""postalCode_ranges"": ""[95985-000 95989-999]""}"
242615,76,4312807,Nova Araçá,RS,NOV,1757678,nova.araca,BR-RS-NovaAraca,54,"{""postalCode_ranges"": ""[95350-000 95354-999]""}"
242317,76,4312906,Nova Bassano,RS,NOB,985493,nova.bassano,BR-RS-NovaBassano,54,"{""postalCode_ranges"": ""[95340-000 95344-999]""}"
242429,76,4312955,Nova Boa Vista,RS,,1758296,nova.boa.vista,BR-RS-NovaBoaVista,54,"{""postalCode_ranges"": ""[99580-000 99584-999]""}"
242523,76,4313003,Nova Bréscia,RS,NBE,1758820,nova.brescia,BR-RS-NovaBrescia,51,"{""postalCode_ranges"": ""[95950-000 95954-999]""}"
242430,76,4313011,Nova Candelária,RS,,734270,nova.candelaria,BR-RS-NovaCandelaria,55,"{""postalCode_ranges"": ""[98919-000 98919-999]""}"
242598,76,4313037,Nova Esperança do Sul,RS,NEL,520098,nova.esperanca.sul,BR-RS-NovaEsperancaSul,55,"{""postalCode_ranges"": ""[97770-000 97799-999]""}"
242694,76,4313060,Nova Hartz,RS,NVH,984557,nova.hartz,BR-RS-NovaHartz,51,"{""postalCode_ranges"": ""[93890-000 93899-999]""}"
3622355,76,4313086,Nova Pádua,RS,,1750269,nova.padua,BR-RS-NovaPadua,54,"{""postalCode_ranges"": ""[95275-000 95279-999]""}"
242437,76,4313102,Nova Palma,RS,NVM,1758164,nova.palma,BR-RS-NovaPalma,55,"{""postalCode_ranges"": ""[97250-000 97279-999]""}"
242705,76,4313201,Nova Petrópolis,RS,NVP,983710,nova.petropolis,BR-RS-NovaPetropolis,54,"{""postalCode_ranges"": ""[95150-000 95174-999]""}"
242661,76,4313300,Nova Prata,RS,NPT,1758146,nova.prata,BR-RS-NovaPrata,54,"{""postalCode_ranges"": ""[95320-000 95324-999]""}"
242644,76,4313334,Nova Ramada,RS,,348265,nova.ramada,BR-RS-NovaRamada,55,"{""postalCode_ranges"": ""[98758-000 98759-999]""}"
242441,76,4313359,Nova Roma do Sul,RS,NRX,1772678,nova.roma.sul,BR-RS-NovaRomaSul,54,"{""postalCode_ranges"": ""[95260-000 95269-999]""}"
242738,76,4313375,Nova Santa Rita,RS,,985571,nova.santa.rita,BR-RS-NovaSantaRita,51,"{""postalCode_ranges"": ""[92480-000 92499-999]""}"
242777,76,4313391,Novo Cabrais,RS,,1758800,novo.cabrais,BR-RS-NovoCabrais,51,"{""postalCode_ranges"": ""[96545-000 96569-999]""}"
242616,76,4313409,Novo Hamburgo,RS,NHO,321331,novo.hamburgo,BR-RS-NovoHamburgo,51,"{""postalCode_ranges"": ""[93300-001 93599-999]""}"
242773,76,4313425,Novo Machado,RS,,1784419,novo.machado,BR-RS-NovoMachado,55,"{""postalCode_ranges"": ""[98955-000 98957-999]""}"
242712,76,4313441,Novo Tiradentes,RS,,1786019,novo.tiradentes,BR-RS-NovoTiradentes,55,"{""postalCode_ranges"": ""[98370-000 98379-999]""}"
242382,76,4313466,Novo Xingu,RS,,2007711,novo.xingu,BR-RS-NovoXingu,54,"{""postalCode_ranges"": ""[99687-000 99689-999]""}"
242311,76,4313490,Novo Barreiro,RS,,1758121,novo.barreiro,BR-RS-NovoBarreiro,55,"{""postalCode_ranges"": ""[98338-000 98339-999]""}"
242718,76,4313508,Osório,RS,OSR,983519,osorio,BR-RS-Osorio,51,"{""postalCode_ranges"": ""[95520-000 95529-999]""}"
242693,76,4313607,Paim Filho,RS,PMF,1784411,paim.filho,BR-RS-PaimFilho,54,"{""postalCode_ranges"": ""[99850-000 99854-999]""}"
242469,76,4313656,Palmares do Sul,RS,PWW,1750076,palmares.sul,BR-RS-PalmaresSul,51,"{""postalCode_ranges"": ""[95540-000 95551-999]""}"
242604,76,4313706,Palmeira das Missões,RS,PMM,1750240,palmeira.missoes,BR-RS-PalmeiraMissoes,55,"{""postalCode_ranges"": ""[98300-000 98319-999]""}"
242559,76,4313805,Palmitinho,RS,PMH,653410,palmitinho,BR-RS-Palmitinho,55,"{""postalCode_ranges"": ""[98430-000 98434-999]""}"
242418,76,4313904,Panambi,RS,PMB,348206,panambi,BR-RS-Panambi,55,"{""postalCode_ranges"": ""[98280-000 98289-999]""}"
242372,76,4313953,Pantano Grande,RS,PBG,1758814,pantano.grande,BR-RS-PantanoGrande,51,"{""postalCode_ranges"": ""[96690-000 96699-999]""}"
242675,76,4314001,Paraí,RS,PWI,1757405,parai,BR-RS-Parai,54,"{""postalCode_ranges"": ""[95360-000 95364-999]""}"
242468,76,4314027,Paraíso do Sul,RS,PXS,972360,paraiso.sul,BR-RS-ParaisoSul,55,"{""postalCode_ranges"": ""[96530-000 96534-999]""}"
242343,76,4314035,Pareci Novo,RS,,936625,pareci.novo,BR-RS-PareciNovo,51,"{""postalCode_ranges"": ""[95783-000 95784-999]""}"
242501,76,4314050,Parobé,RS,PAK,983702,parobe,BR-RS-Parobe,51,"{""postalCode_ranges"": ""[95630-000 95649-999]""}"
242319,76,4314068,Passa Sete,RS,,1758907,passa.sete,BR-RS-PassaSete,51,"{""postalCode_ranges"": ""[96908-000 96909-999]""}"
242736,76,4314076,Passo do Sobrado,RS,,677252,passo.sobrado,BR-RS-PassoSobrado,51,"{""postalCode_ranges"": ""[96685-000 96689-999]""}"
242585,76,4314100,Passo Fundo,RS,PAS,525647,passo.fundo,BR-RS-PassoFundo,54,"{""postalCode_ranges"": ""[99000-001 99139-999]""}"
242525,76,4314134,Paulo Bento,RS,,2007799,paulo.bento,BR-RS-PauloBento,54,"{""postalCode_ranges"": ""[99718-000 99719-999]""}"
242780,76,4314159,Paverama,RS,PVM,1758766,paverama,BR-RS-Paverama,51,"{""postalCode_ranges"": ""[95865-000 95869-999]""}"
242605,76,4314175,Pedras Altas,RS,,1785825,pedras.altas,BR-RS-PedrasAltas,53,"{""postalCode_ranges"": ""[96487-000 96489-999]""}"
242502,76,4314209,Pedro Osório,RS,POO,1749863,pedro.osorio,BR-RS-PedroOsorio,53,"{""postalCode_ranges"": ""[96360-000 96394-999]""}"
242624,76,4314308,Pejuçara,RS,PJA,348237,pejucara,BR-RS-Pejucara,55,"{""postalCode_ranges"": ""[98270-000 98279-999]""}"
361756,76,4314407,Pelotas,RS,PLT,109188,pelotas,BR-RS-Pelotas,53,"{""postalCode_ranges"": ""[96000-001 96147-999]""}"
242408,76,4314423,Picada Café,RS,,958545,picada.cafe,BR-RS-PicadaCafe,54,"{""postalCode_ranges"": ""[95175-000 95179-999]""}"
242676,76,4314456,Pinhal,RS,,1785855,pinhal,BR-RS-Pinhal,55,"{""postalCode_ranges"": ""[98345-000 98349-999]""}"
242670,76,4314464,Pinhal da Serra,RS,,2007765,pinhal.serra,BR-RS-PinhalSerra,54,"{""postalCode_ranges"": ""[95390-000 95399-999]""}"
242396,76,4314472,Pinhal Grande,RS,,1757154,pinhal.grande,BR-RS-PinhalGrande,55,"{""postalCode_ranges"": ""[98150-000 98159-999]""}"
242607,76,4314498,Pinheirinho do Vale,RS,,550186,pinheirinho.vale,BR-RS-PinheirinhoVale,55,"{""postalCode_ranges"": ""[98435-000 98439-999]""}"
242479,76,4314506,Pinheiro Machado,RS,PHM,590279,pinheiro.machado,BR-RS-PinheiroMachado,53,"{""postalCode_ranges"": ""[96470-000 96486-999]""}"
3059155,76,4314548,Pinto Bandeira,RS,,10349880,pinto.bandeira,BR-RS-PintoBandeira,54,"{""postalCode_ranges"": ""[95717-000 95717-999]""}"
242557,76,4314555,Pirapó,RS,PIQ,596649,pirapo,BR-RS-Pirapo,55,"{""postalCode_ranges"": ""[97885-000 97899-999]""}"
242415,76,4314605,Piratini,RS,PTN,1638441,piratini,BR-RS-Piratini,53,"{""postalCode_ranges"": ""[96490-000 96494-999]""}"
242384,76,4314704,Planalto,RS,PNO,1950470,planalto,BR-RS-Planalto,55,"{""postalCode_ranges"": ""[98470-000 98479-999]""}"
242579,76,4314753,Poço das Antas,RS,PKA,538120,poco.antas,BR-RS-PocoAntas,51,"{""postalCode_ranges"": ""[95740-000 95744-999]""}"
242594,76,4314779,Pontão,RS,,1757433,pontao,BR-RS-Pontao,54,"{""postalCode_ranges"": ""[99190-000 99199-999]""}"
242426,76,4314787,Ponte Preta,RS,,1803155,ponte.preta,BR-RS-PontePreta,54,"{""postalCode_ranges"": ""[99735-000 99739-999]""}"
242443,76,4314803,Portão,RS,PTO,985582,portao,BR-RS-Portao,51,"{""postalCode_ranges"": ""[93180-000 93199-999]""}"
242397,76,4314902,Porto Alegre,RS,PAE,40269,porto.alegre,BR-RS-PortoAlegre,51,"{""postalCode_ranges"": ""[90000-001 91999-999]""}"
242672,76,4315008,Porto Lucena,RS,PUC,1784701,porto.lucena,BR-RS-PortoLucena,55,"{""postalCode_ranges"": ""[98980-000 98984-999]""}"
242483,76,4315057,Porto Mauá,RS,,658425,porto.maua,BR-RS-PortoMaua,55,"{""postalCode_ranges"": ""[98947-000 98949-999]""}"
242552,76,4315073,Porto Vera Cruz,RS,,1784253,porto.vera.cruz,BR-RS-PortoVeraCruz,55,"{""postalCode_ranges"": ""[98985-000 98994-999]""}"
242320,76,4315107,Porto Xavier,RS,PXR,430313,porto.xavier,BR-RS-PortoXavier,55,"{""postalCode_ranges"": ""[98995-000 98999-999]""}"
242351,76,4315131,Pouso Novo,RS,PUV,1758919,pouso.novo,BR-RS-PousoNovo,51,"{""postalCode_ranges"": ""[95945-000 95947-999]""}"
242528,76,4315149,Presidente Lucena,RS,,224690,presidente.lucena,BR-RS-PresidenteLucena,51,"{""postalCode_ranges"": ""[93945-000 93949-999]""}"
242505,76,4315156,Progresso,RS,PRQ,1803253,progresso,BR-RS-Progresso,51,"{""postalCode_ranges"": ""[95925-000 95929-999]""}"
242402,76,4315172,Protásio Alves,RS,PTV,1757450,protasio.alves,BR-RS-ProtasioAlves,54,"{""postalCode_ranges"": ""[95345-000 95349-999]""}"
242679,76,4315206,Putinga,RS,PUG,1757456,putinga,BR-RS-Putinga,51,"{""postalCode_ranges"": ""[95975-000 95979-999]""}"
242701,76,4315305,Quaraí,RS,QRI,1637478,quarai,BR-RS-Quarai,55,"{""postalCode_ranges"": ""[97560-000 97569-999]""}"
242400,76,4315313,Quatro Irmãos,RS,,596343,quatro.irmaos,BR-RS-QuatroIrmaos,54,"{""postalCode_ranges"": ""[99720-000 99724-999]""}"
242401,76,4315321,Quevedos,RS,,1785797,quevedos,BR-RS-Quevedos,55,"{""postalCode_ranges"": ""[98140-000 98149-999]""}"
242340,76,4315354,Quinze de Novembro,RS,QZN,194362,quinze.novembro,BR-RS-QuinzeNovembro,54,"{""postalCode_ranges"": ""[98230-000 98239-999]""}"
242364,76,4315404,Redentora,RS,RTO,1786499,redentora,BR-RS-Redentora,55,"{""postalCode_ranges"": ""[98550-000 98559-999]""}"
242508,76,4315453,Relvado,RS,RVA,1758900,relvado,BR-RS-Relvado,51,"{""postalCode_ranges"": ""[95965-000 95966-999]""}"
242560,76,4315503,Restinga Sêca,RS,RSC,1757460,restinga.seca,BR-RS-RestingaSeca,55,"{""postalCode_ranges"": ""[97200-000 97209-999]""}"
242603,76,4315552,Rio dos Índios,RS,,1758315,rio.indios,BR-RS-RioIndios,54,"{""postalCode_ranges"": ""[99610-000 99614-999]""}"
242762,76,4315602,Rio Grande,RS,RGR,869571,rio.grande,BR-RS-RioGrande,53,"{""postalCode_ranges"": ""[96200-001 96224-999]""}"
242626,76,4315701,Rio Pardo,RS,RIP,514256,rio.pardo,BR-RS-RioPardo,51,"{""postalCode_ranges"": ""[96640-000 96684-999]""}"
242632,76,4315750,Riozinho,RS,RZO,983513,riozinho,BR-RS-Riozinho,51,"{""postalCode_ranges"": ""[95695-000 95699-999]""}"
242518,76,4315800,Roca Sales,RS,ROS,785702,roca.sales,BR-RS-RocaSales,51,"{""postalCode_ranges"": ""[95735-000 95739-999]""}"
242422,76,4315909,Rodeio Bonito,RS,ROB,679055,rodeio.bonito,BR-RS-RodeioBonito,55,"{""postalCode_ranges"": ""[98360-000 98367-999]""}"
242686,76,4315958,Rolador,RS,,1802196,rolador,BR-RS-Rolador,55,"{""postalCode_ranges"": ""[97843-000 97844-999]""}"
242747,76,4316006,Rolante,RS,RTE,984550,rolante,BR-RS-Rolante,51,"{""postalCode_ranges"": ""[95690-000 95694-999]""}"
242609,76,4316105,Ronda Alta,RS,RDA,949556,ronda.alta,BR-RS-RondaAlta,54,"{""postalCode_ranges"": ""[99670-000 99674-999]""}"
242727,76,4316204,Rondinha,RS,RDI,946941,rondinha,BR-RS-Rondinha,54,"{""postalCode_ranges"": ""[99590-000 99599-999]""}"
242690,76,4316303,Roque Gonzales,RS,RGZ,985566,roque.gonzales,BR-RS-RoqueGonzales,55,"{""postalCode_ranges"": ""[97970-000 97979-999]""}"
242476,76,4316402,Rosário do Sul,RS,RRS,266960,rosario.sul,BR-RS-RosarioSul,55,"{""postalCode_ranges"": ""[97590-000 97609-999]""}"
242721,76,4316428,Sagrada Família,RS,,2007720,sagrada.familia,BR-RS-SagradaFamilia,55,"{""postalCode_ranges"": ""[98330-000 98334-999]""}"
242627,76,4316436,Saldanha Marinho,RS,SHN,195200,saldanha.marinho,BR-RS-SaldanhaMarinho,55,"{""postalCode_ranges"": ""[98250-000 98269-999]""}"
242298,76,4316451,Salto do Jacuí,RS,SCJ,194389,salto.jacui,BR-RS-SaltoJacui,55,"{""postalCode_ranges"": ""[99440-000 99449-999]""}"
242592,76,4316477,Salvador das Missões,RS,,1758176,salvador.missoes,BR-RS-SalvadorMissoes,55,"{""postalCode_ranges"": ""[97940-000 97949-999]""}"
242696,76,4316501,Salvador do Sul,RS,SVD,519083,salvador.sul,BR-RS-SalvadorSul,51,"{""postalCode_ranges"": ""[95750-000 95754-999]""}"
242359,76,4316600,Sananduva,RS,SUV,1110228,sananduva,BR-RS-Sananduva,54,"{""postalCode_ranges"": ""[99840-000 99849-999]""}"
242309,76,4316709,Santa Bárbara do Sul,RS,SBU,194357,santa.barbara.sul,BR-RS-SantaBarbaraSul,55,"{""postalCode_ranges"": ""[98240-000 98249-999]""}"
242350,76,4316733,Santa Cecília do Sul,RS,,2007657,santa.cecilia.sul,BR-RS-SantaCeciliaSul,54,"{""postalCode_ranges"": ""[99952-000 99954-999]""}"
242413,76,4316758,Santa Clara do Sul,RS,,601869,santa.clara.sul,BR-RS-SantaClaraSul,51,"{""postalCode_ranges"": ""[95915-000 95917-999]""}"
242631,76,4316808,Santa Cruz do Sul,RS,SCR,781510,santa.cruz.sul,BR-RS-SantaCruzSul,51,"{""postalCode_ranges"": ""[96800-001 96874-999]""}"
242595,76,4316907,Santa Maria,RS,SMA,740833,santa.maria,BR-RS-SantaMaria,55,"{""postalCode_ranges"": ""[97000-001 97179-999]""}"
242649,76,4316956,Santa Maria do Herval,RS,SQV,379483,santa.maria.herval,BR-RS-SantaMariaHerval,51,"{""postalCode_ranges"": ""[93995-000 93999-999]""}"
242599,76,4316972,Santa Margarida do Sul,RS,,730999,santa.margarida.sul,BR-RS-SantaMargaridaSul,55,"{""postalCode_ranges"": ""[97335-000 97339-999]""}"
242776,76,4317004,Santana da Boa Vista,RS,SAV,1749815,santana.boa.vista,BR-RS-SantanaBoaVista,53,"{""postalCode_ranges"": ""[96590-000 96599-999]""}"
242451,76,4317103,Sant'Ana do Livramento,RS,,917693,sant.ana.livramento,BR-RS-SantAnaLivramento,55,"{""postalCode_ranges"": ""[97570-001 97589-999]""}"
242472,76,4317202,Santa Rosa,RS,SRO,995326,santa.rosa,BR-RS-SantaRosa,55,"{""postalCode_ranges"": ""[98780-001 98799-999]""}"
242406,76,4317251,Santa Tereza,RS,,1757691,santa.tereza,BR-RS-SantaTereza,54,"{""postalCode_ranges"": ""[95715-000 95716-999]""}"
242299,76,4317301,Santa Vitória do Palmar,RS,SVR,984562,santa.vitoria.palmar,BR-RS-SantaVitoriaPalmar,53,"{""postalCode_ranges"": ""[96230-000 96254-999]""}"
242308,76,4317400,Santiago,RS,STO,996716,santiago,BR-RS-Santiago,55,"{""postalCode_ranges"": ""[97700-000 97752-999]""}"
242640,76,4317509,Santo Ângelo,RS,SAN,824031,santo.angelo,BR-RS-SantoAngelo,55,"{""postalCode_ranges"": ""[98800-001 98849-999]""}"
242435,76,4317558,Santo Antônio do Palma,RS,,1784920,santo.antonio.palma,BR-RS-SantoAntonioPalma,54,"{""postalCode_ranges"": ""[99265-000 99269-999]""}"
242719,76,4317608,Santo Antônio da Patrulha,RS,SON,984547,santo.antonio.patrulha,BR-RS-SantoAntonioPatrulha,51,"{""postalCode_ranges"": ""[95500-000 95514-999]""}"
242512,76,4317707,Santo Antônio das Missões,RS,SDE,1784305,santo.antonio.missoes,BR-RS-SantoAntonioMissoes,55,"{""postalCode_ranges"": ""[97870-000 97879-999]""}"
242460,76,4317756,Santo Antônio do Planalto,RS,,1749870,santo.antonio.planalto,BR-RS-SantoAntonioPlanalto,54,"{""postalCode_ranges"": ""[99525-000 99527-999]""}"
242660,76,4317806,Santo Augusto,RS,SUG,347700,santo.augusto,BR-RS-SantoAugusto,55,"{""postalCode_ranges"": ""[98590-000 98594-999]""}"
242473,76,4317905,Santo Cristo,RS,STC,988779,santo.cristo,BR-RS-SantoCristo,55,"{""postalCode_ranges"": ""[98960-000 98969-999]""}"
242405,76,4317954,Santo Expedito do Sul,RS,,1784442,santo.expedito.sul,BR-RS-SantoExpeditoSul,54,"{""postalCode_ranges"": ""[99895-000 99899-999]""}"
242294,76,4318002,São Borja,RS,SJA,385327,sao.borja,BR-RS-SaoBorja,55,"{""postalCode_ranges"": ""[97670-000 97684-999]""}"
242583,76,4318051,São Domingos do Sul,RS,SDQ,1785981,sao.domingos.sul,BR-RS-SaoDomingosSul,54,"{""postalCode_ranges"": ""[99270-000 99289-999]""}"
242434,76,4318101,São Francisco de Assis,RS,SFC,1750146,sao.francisco.assis,BR-RS-SaoFranciscoAssis,55,"{""postalCode_ranges"": ""[97610-000 97639-999]""}"
-764318200,76,4318200,São Francisco de Paula,RS,SFP,578627,sao.francisco.paula,BR-RS-SaoFranciscoPaula,54,"{""postalCode_ranges"": ""[95400-000 95419-999]""}"
242490,76,4318309,São Gabriel,RS,SGB,929890,sao.gabriel,BR-RS-SaoGabriel,55,"{""postalCode_ranges"": ""[97300-000 97334-999]""}"
242348,76,4318408,São Jerônimo,RS,SJO,1639741,sao.jeronimo,BR-RS-SaoJeronimo,51,"{""postalCode_ranges"": ""[96700-000 96734-999]""}"
242495,76,4318424,São João da Urtiga,RS,SVU,1786488,sao.joao.urtiga,BR-RS-SaoJoaoUrtiga,54,"{""postalCode_ranges"": ""[99855-000 99859-999]""}"
242577,76,4318432,São João do Polêsine,RS,,1750271,sao.joao.polesine,BR-RS-SaoJoaoPolesine,55,"{""postalCode_ranges"": ""[97230-000 97249-999]""}"
242687,76,4318440,São Jorge,RS,SQQ,2006981,sao.jorge,BR-RS-SaoJorge,54,"{""postalCode_ranges"": ""[95365-000 95369-999]""}"
242713,76,4318457,São José das Missões,RS,,958481,sao.jose.missoes,BR-RS-SaoJoseMissoes,55,"{""postalCode_ranges"": ""[98325-000 98329-999]""}"
242741,76,4318465,São José do Herval,RS,SQE,1786387,sao.jose.herval,BR-RS-SaoJoseHerval,54,"{""postalCode_ranges"": ""[99380-000 99399-999]""}"
242410,76,4318481,São José do Hortêncio,RS,SHC,179219,sao.jose.hortencio,BR-RS-SaoJoseHortencio,51,"{""postalCode_ranges"": ""[95755-000 95757-999]""}"
242646,76,4318499,São José do Inhacorá,RS,,588156,sao.jose.inhacora,BR-RS-SaoJoseInhacora,55,"{""postalCode_ranges"": ""[98958-000 98959-999]""}"
242366,76,4318507,São José do Norte,RS,SSN,1749857,sao.jose.norte,BR-RS-SaoJoseNorte,53,"{""postalCode_ranges"": ""[96225-000 96229-999]""}"
242381,76,4318606,São José do Ouro,RS,SOU,1786428,sao.jose.ouro,BR-RS-SaoJoseOuro,54,"{""postalCode_ranges"": ""[99870-000 99877-999]""}"
242704,76,4318614,São José do Sul,RS,,944254,sao.jose.sul,BR-RS-SaoJoseSul,51,"{""postalCode_ranges"": ""[95748-000 95749-999]""}"
242433,76,4318622,São José dos Ausentes,RS,,984564,sao.jose.ausentes,BR-RS-SaoJoseAusentes,54,"{""postalCode_ranges"": ""[95280-000 95289-999]""}"
242399,76,4318705,São Leopoldo,RS,SLE,688275,sao.leopoldo,BR-RS-SaoLeopoldo,51,"{""postalCode_ranges"": ""[93000-001 93179-999]""}"
242742,76,4318804,São Lourenço do Sul,RS,SLL,326349,sao.lourenco.sul,BR-RS-SaoLourencoSul,53,"{""postalCode_ranges"": ""[96170-000 96177-999]""}"
242296,76,4318903,São Luiz Gonzaga,RS,SIA,647406,sao.luiz.gonzaga,BR-RS-SaoLuizGonzaga,55,"{""postalCode_ranges"": ""[97800-000 97842-999]""}"
242743,76,4319000,São Marcos,RS,SCS,671925,sao.marcos,BR-RS-SaoMarcos,54,"{""postalCode_ranges"": ""[95190-000 95199-999]""}"
242322,76,4319109,São Martinho,RS,SIH,1803249,sao.martinho,BR-RS-SaoMartinho,55,"{""postalCode_ranges"": ""[98690-000 98699-999]""}"
242318,76,4319125,São Martinho da Serra,RS,,1757137,sao.martinho.serra,BR-RS-SaoMartinhoSerra,55,"{""postalCode_ranges"": ""[97190-000 97194-999]""}"
242428,76,4319158,São Miguel das Missões,RS,SZM,2107884,sao.miguel.missoes,BR-RS-SaoMiguelMissoes,55,"{""postalCode_ranges"": ""[98865-000 98869-999]""}"
242772,76,4319208,São Nicolau,RS,SNC,2008008,sao.nicolau,BR-RS-SaoNicolau,55,"{""postalCode_ranges"": ""[97880-000 97884-999]""}"
242703,76,4319307,São Paulo das Missões,RS,SKM,1758286,sao.paulo.missoes,BR-RS-SaoPauloMissoes,55,"{""postalCode_ranges"": ""[97980-000 97999-999]""}"
242650,76,4319356,São Pedro da Serra,RS,,1750059,sao.pedro.serra,BR-RS-SaoPedroSerra,51,"{""postalCode_ranges"": ""[95758-000 95759-999]""}"
242678,76,4319364,São Pedro das Missões,RS,,1802212,sao.pedro.missoes,BR-RS-SaoPedroMissoes,55,"{""postalCode_ranges"": ""[98323-000 98324-999]""}"
242354,76,4319372,São Pedro do Butiá,RS,,1758141,sao.pedro.butia,BR-RS-SaoPedroButia,55,"{""postalCode_ranges"": ""[97920-000 97929-999]""}"
242532,76,4319406,São Pedro do Sul,RS,SPL,2007743,sao.pedro.sul,BR-RS-SaoPedroSul,55,"{""postalCode_ranges"": ""[97400-000 97409-999]""}"
242540,76,4319505,São Sebastião do Caí,RS,SBC,1750236,sao.sebastiao.cai,BR-RS-SaoSebastiaoCai,51,"{""postalCode_ranges"": ""[95760-000 95764-999]""}"
242673,76,4319604,São Sepé,RS,SEE,1757144,sao.sepe,BR-RS-SaoSepe,55,"{""postalCode_ranges"": ""[97340-000 97384-999]""}"
242301,76,4319703,São Valentim,RS,SVM,1803245,sao.valentim,BR-RS-SaoValentim,54,"{""postalCode_ranges"": ""[99640-000 99644-999]""}"
242417,76,4319711,São Valentim do Sul,RS,VLS,1757583,sao.valentim.sul,BR-RS-SaoValentimSul,54,"{""postalCode_ranges"": ""[99240-000 99249-999]""}"
242763,76,4319737,São Valério do Sul,RS,,347722,sao.valerio.sul,BR-RS-SaoValerioSul,55,"{""postalCode_ranges"": ""[98595-000 98599-999]""}"
242731,76,4319752,São Vendelino,RS,SVZ,680577,sao.vendelino,BR-RS-SaoVendelino,51,"{""postalCode_ranges"": ""[95795-000 95799-999]""}"
242293,76,4319802,São Vicente do Sul,RS,SVC,606638,sao.vicente.sul,BR-RS-SaoVicenteSul,55,"{""postalCode_ranges"": ""[97420-000 97449-999]""}"
242566,76,4319901,Sapiranga,RS,SPG,983717,sapiranga,BR-RS-Sapiranga,51,"{""postalCode_ranges"": ""[93800-001 93879-999]""}"
242471,76,4320008,Sapucaia do Sul,RS,SPS,942122,sapucaia.sul,BR-RS-SapucaiaSul,51,"{""postalCode_ranges"": ""[93200-001 93249-999]""}"
242683,76,4320107,Sarandi,RS,SRD,430538,sarandi,BR-RS-Sarandi,54,"{""postalCode_ranges"": ""[99560-000 99579-999]""}"
242655,76,4320206,Seberi,RS,SBY,1784912,seberi,BR-RS-Seberi,55,"{""postalCode_ranges"": ""[98380-000 98384-999]""}"
242475,76,4320230,Sede Nova,RS,SVJ,1784935,sede.nova,BR-RS-SedeNova,55,"{""postalCode_ranges"": ""[98675-000 98679-999]""}"
242463,76,4320263,Segredo,RS,SGF,577838,segredo,BR-RS-Segredo,51,"{""postalCode_ranges"": ""[96910-000 96919-999]""}"
242751,76,4320305,Selbach,RS,SXH,1785790,selbach,BR-RS-Selbach,54,"{""postalCode_ranges"": ""[99450-000 99456-999]""}"
242535,76,4320321,Senador Salgado Filho,RS,,533379,senador.salgado.filho,BR-RS-SenadorSalgadoFilho,55,"{""postalCode_ranges"": ""[98895-000 98897-999]""}"
242333,76,4320354,Sentinela do Sul,RS,,1750201,sentinela.sul,BR-RS-SentinelaSul,51,"{""postalCode_ranges"": ""[96765-000 96769-999]""}"
242562,76,4320404,Serafina Corrêa,RS,SFO,1757416,serafina.correa,BR-RS-SerafinaCorrea,54,"{""postalCode_ranges"": ""[99250-000 99254-999]""}"
242517,76,4320453,Sério,RS,,1758932,serio,BR-RS-Serio,51,"{""postalCode_ranges"": ""[95918-000 95919-999]""}"
242290,76,4320503,Sertão,RS,STW,2077786,sertao,BR-RS-Sertao,54,"{""postalCode_ranges"": ""[99170-000 99174-999]""}"
242732,76,4320552,Sertão Santana,RS,,1750021,sertao.santana,BR-RS-SertaoSantana,51,"{""postalCode_ranges"": ""[92850-000 92899-999]""}"
242509,76,4320578,Sete de Setembro,RS,,601766,sete.setembro,BR-RS-SeteSetembro,55,"{""postalCode_ranges"": ""[97960-000 97969-999]""}"
242545,76,4320602,Severiano de Almeida,RS,SWA,523277,severiano.almeida,BR-RS-SeverianoAlmeida,54,"{""postalCode_ranges"": ""[99810-000 99819-999]""}"
242420,76,4320651,Silveira Martins,RS,SMW,1757698,silveira.martins,BR-RS-SilveiraMartins,55,"{""postalCode_ranges"": ""[97195-000 97199-999]""}"
242488,76,4320677,Sinimbu,RS,,523701,sinimbu,BR-RS-Sinimbu,51,"{""postalCode_ranges"": ""[96890-000 96899-999]""}"
242569,76,4320701,Sobradinho,RS,SHO,2008068,sobradinho,BR-RS-Sobradinho,51,"{""postalCode_ranges"": ""[96900-000 96907-999]""}"
242387,76,4320800,Soledade,RS,,1785706,soledade,BR-RS-Soledade,54,"{""postalCode_ranges"": ""[99300-000 99314-999]""}"
242391,76,4320859,Tabaí,RS,,1758828,tabai,BR-RS-Tabai,51,"{""postalCode_ranges"": ""[95863-000 95864-999]""}"
242478,76,4320909,Tapejara,RS,TJR,2045002,tapejara,BR-RS-Tapejara,54,"{""postalCode_ranges"": ""[99950-000 99951-999]""}"
242548,76,4321006,Tapera,RS,TPA,1749888,tapera,BR-RS-Tapera,54,"{""postalCode_ranges"": ""[99490-000 99494-999]""}"
242361,76,4321105,Tapes,RS,TPS,1785886,tapes,BR-RS-Tapes,51,"{""postalCode_ranges"": ""[96760-000 96764-999]""}"
242539,76,4321204,Taquara,RS,TQR,967715,taquara,BR-RS-Taquara,51,"{""postalCode_ranges"": ""[95600-001 95624-999]""}"
242591,76,4321303,Taquari,RS,TUI,1646949,taquari,BR-RS-Taquari,51,"{""postalCode_ranges"": ""[95860-000 95862-999]""}"
242782,76,4321329,Taquaruçu do Sul,RS,TSL,1785461,taquarucu.sul,BR-RS-TaquarucuSul,55,"{""postalCode_ranges"": ""[98410-000 98414-999]""}"
242454,76,4321352,Tavares,RS,TVE,1803256,tavares,BR-RS-Tavares,51,"{""postalCode_ranges"": ""[96290-000 96299-999]""}"
242761,76,4321402,Tenente Portela,RS,TTP,1784447,tenente.portela,BR-RS-TenentePortela,55,"{""postalCode_ranges"": ""[98500-000 98527-999]""}"
242544,76,4321436,Terra de Areia,RS,TAE,1750218,terra.areia,BR-RS-TerraAreia,51,"{""postalCode_ranges"": ""[95535-000 95537-999]""}"
242628,76,4321451,Teutônia,RS,TUN,985568,teutonia,BR-RS-Teutonia,51,"{""postalCode_ranges"": ""[95890-000 95892-999]""}"
242494,76,4321469,Tio Hugo,RS,,617526,tio.hugo,BR-RS-TioHugo,54,"{""postalCode_ranges"": ""[99345-000 99349-999]""}"
242602,76,4321477,Tiradentes do Sul,RS,,1803162,tiradentes.sul,BR-RS-TiradentesSul,55,"{""postalCode_ranges"": ""[98680-000 98689-999]""}"
242457,76,4321493,Toropi,RS,,672721,toropi,BR-RS-Toropi,55,"{""postalCode_ranges"": ""[97418-000 97419-999]""}"
242436,76,4321501,Torres,RS,TES,952674,torres,BR-RS-Torres,51,"{""postalCode_ranges"": ""[95560-000 95567-999]""}"
242710,76,4321600,Tramandaí,RS,TRI,187160,tramandai,BR-RS-Tramandai,51,"{""postalCode_ranges"": ""[95590-000 95594-999]""}"
242520,76,4321626,Travesseiro,RS,,1785809,travesseiro,BR-RS-Travesseiro,51,"{""postalCode_ranges"": ""[95948-000 95949-999]""}"
242357,76,4321634,Três Arroios,RS,THA,1785530,tres.arroios,BR-RS-TresArroios,54,"{""postalCode_ranges"": ""[99725-000 99729-999]""}"
242561,76,4321667,Três Cachoeiras,RS,TCC,1750024,tres.cachoeiras,BR-RS-TresCachoeiras,51,"{""postalCode_ranges"": ""[95580-000 95584-999]""}"
242446,76,4321709,Três Coroas,RS,TSS,984552,tres.coroas,BR-RS-TresCoroas,51,"{""postalCode_ranges"": ""[95660-000 95669-999]""}"
242530,76,4321808,Três de Maio,RS,TMI,1786482,tres.maio,BR-RS-TresMaio,55,"{""postalCode_ranges"": ""[98910-000 98914-999]""}"
242573,76,4321832,Três Forquilhas,RS,,1750233,tres.forquilhas,BR-RS-TresForquilhas,51,"{""postalCode_ranges"": ""[95575-000 95576-999]""}"
242416,76,4321857,Três Palmeiras,RS,TPM,531078,tres.palmeiras,BR-RS-TresPalmeiras,54,"{""postalCode_ranges"": ""[99675-000 99679-999]""}"
242715,76,4321907,Três Passos,RS,TEP,728608,tres.passos,BR-RS-TresPassos,55,"{""postalCode_ranges"": ""[98600-000 98634-999]""}"
242513,76,4321956,Trindade do Sul,RS,TND,986519,trindade.sul,BR-RS-TrindadeSul,54,"{""postalCode_ranges"": ""[99615-000 99639-999]""}"
242531,76,4322004,Triunfo,RS,TRF,606083,triunfo,BR-RS-Triunfo,51,"{""postalCode_ranges"": ""[95840-000 95859-999]""}"
242639,76,4322103,Tucunduva,RS,TDU,1785493,tucunduva,BR-RS-Tucunduva,55,"{""postalCode_ranges"": ""[98930-000 98939-999]""}"
242424,76,4322152,Tunas,RS,THS,1803262,tunas,BR-RS-Tunas,51,"{""postalCode_ranges"": ""[99330-000 99339-999]""}"
242575,76,4322186,Tupanci do Sul,RS,,1784425,tupanci.sul,BR-RS-TupanciSul,54,"{""postalCode_ranges"": ""[99878-000 99879-999]""}"
242665,76,4322202,Tupanciretã,RS,TPE,1756630,tupancireta,BR-RS-Tupancireta,55,"{""postalCode_ranges"": ""[98170-000 98174-999]""}"
242733,76,4322251,Tupandi,RS,TAD,744647,tupandi,BR-RS-Tupandi,51,"{""postalCode_ranges"": ""[95775-000 95777-999]""}"
242648,76,4322301,Tuparendi,RS,TUD,1784901,tuparendi,BR-RS-Tuparendi,55,"{""postalCode_ranges"": ""[98940-000 98946-999]""}"
242302,76,4322327,Turuçu,RS,TRC,1749856,turucu,BR-RS-Turucu,53,"{""postalCode_ranges"": ""[96148-000 96149-999]""}"
242771,76,4322343,Ubiretama,RS,,1774466,ubiretama,BR-RS-Ubiretama,55,"{""postalCode_ranges"": ""[98898-000 98899-999]""}"
242668,76,4322350,União da Serra,RS,,1754333,uniao.serra,BR-RS-UniaoSerra,54,"{""postalCode_ranges"": ""[99215-000 99219-999]""}"
242781,76,4322376,Unistalda,RS,,1754325,unistalda,BR-RS-Unistalda,55,"{""postalCode_ranges"": ""[97755-000 97759-999]""}"
242685,76,4322400,Uruguaiana,RS,,622823,uruguaiana,BR-RS-Uruguaiana,55,"{""postalCode_ranges"": ""[97500-001 97537-999]""}"
242481,76,4322509,Vacaria,RS,VAA,941580,vacaria,BR-RS-Vacaria,54,"{""postalCode_ranges"": ""[95200-000 95229-999]""}"
242621,76,4322525,Vale Verde,RS,,594012,vale.verde,BR-RS-ValeVerde,51,"{""postalCode_ranges"": ""[95833-000 95834-999]""}"
242374,76,4322533,Vale do Sol,RS,VSL,1758912,vale.sol,BR-RS-ValeSol,51,"{""postalCode_ranges"": ""[96878-000 96879-999]""}"
242519,76,4322541,Vale Real,RS,,1758328,vale.real,BR-RS-ValeReal,51,"{""postalCode_ranges"": ""[95778-000 95779-999]""}"
242637,76,4322558,Vanini,RS,VAN,1788290,vanini,BR-RS-Vanini,54,"{""postalCode_ranges"": ""[99290-000 99299-999]""}"
242360,76,4322608,Venâncio Aires,RS,VAI,983517,venancio.aires,BR-RS-VenancioAires,51,"{""postalCode_ranges"": ""[95800-000 95819-999]""}"
242600,76,4322707,Vera Cruz,RS,VEZ,1802230,vera.cruz,BR-RS-VeraCruz,51,"{""postalCode_ranges"": ""[96880-000 96887-999]""}"
242554,76,4322806,Veranópolis,RS,VNS,1101945,veranopolis,BR-RS-Veranopolis,54,"{""postalCode_ranges"": ""[95330-000 95332-999]""}"
242663,76,4322855,Vespasiano Corrêa,RS,,1758738,vespasiano.correa,BR-RS-VespasianoCorrea,51,"{""postalCode_ranges"": ""[95972-000 95974-999]""}"
242449,76,4322905,Viadutos,RS,VDS,772750,viadutos,BR-RS-Viadutos,54,"{""postalCode_ranges"": ""[99820-000 99824-999]""}"
242581,76,4323002,Viamão,RS,VAO,732905,viamao,BR-RS-Viamao,51,"{""postalCode_ranges"": ""[94400-001 94799-999]""}"
242774,76,4323101,Vicente Dutra,RS,VCD,1758321,vicente.dutra,BR-RS-VicenteDutra,55,"{""postalCode_ranges"": ""[98450-000 98459-999]""}"
242697,76,4323200,Victor Graeff,RS,VGF,1185250,victor.graeff,BR-RS-VictorGraeff,54,"{""postalCode_ranges"": ""[99350-000 99359-999]""}"
242393,76,4323309,Vila Flores,RS,VLF,941364,vila.flores,BR-RS-VilaFlores,54,"{""postalCode_ranges"": ""[95334-000 95334-999]""}"
242734,76,4323358,Vila Lângaro,RS,,1785542,vila.langaro,BR-RS-VilaLangaro,54,"{""postalCode_ranges"": ""[99955-000 99959-999]""}"
242596,76,4323408,Vila Maria,RS,VMA,1784456,vila.maria,BR-RS-VilaMaria,54,"{""postalCode_ranges"": ""[99155-000 99159-999]""}"
242753,76,4323457,Vila Nova do Sul,RS,,1754351,vila.nova.sul,BR-RS-VilaNovaSul,55,"{""postalCode_ranges"": ""[97385-000 97389-999]""}"
242334,76,4323507,Vista Alegre,RS,VAL,1774451,vista.alegre,BR-RS-VistaAlegre,55,"{""postalCode_ranges"": ""[98415-000 98429-999]""}"
242619,76,4323606,Vista Alegre do Prata,RS,VAT,1754318,vista.alegre.prata,BR-RS-VistaAlegrePrata,54,"{""postalCode_ranges"": ""[95325-000 95329-999]""}"
242379,76,4323705,Vista Gaúcha,RS,VAG,1774460,vista.gaucha,BR-RS-VistaGaucha,55,"{""postalCode_ranges"": ""[98535-000 98539-999]""}"
242565,76,4323754,Vitória das Missões,RS,,1774423,vitoria.missoes,BR-RS-VitoriaMissoes,55,"{""postalCode_ranges"": ""[98850-000 98854-999]""}"
242453,76,4323770,Westfália,RS,,961485,westfalia,BR-RS-Westfalia,51,"{""postalCode_ranges"": ""[95893-000 95894-999]""}"
242347,76,4323804,Xangri-lá,RS,,546227,xangri.la,BR-RS-XangriLa,51,"{""postalCode_ranges"": ""[95588-000 95589-999]""}"
