osm_id,jurisd_base_id,jurisd_local_id,name,parent_abbrev,abbrev,wikidata_id,lexlabel,isolabel_ext,ddd,info
302709,76,2200053,Acauã,PI,,2066143,acaua,BR-PI-Acaua,89,"{""postalCode_ranges"": ""[64748-000 64749-999]""}"
302845,76,2200103,Agricolândia,PI,AIL,1936312,agricolandia,BR-PI-Agricolandia,86,"{""postalCode_ranges"": ""[64440-000 64444-999]""}"
302769,76,2200202,Água Branca,PI,ABA,578114,agua.branca,BR-PI-AguaBranca,86,"{""postalCode_ranges"": ""[64460-000 64464-999]""}"
302669,76,2200251,Alagoinha do Piauí,PI,AKP,2064226,alagoinha.piaui,BR-PI-AlagoinhaPiaui,89,"{""postalCode_ranges"": ""[64655-000 64659-999]""}"
302852,76,2200277,Alegrete do Piauí,PI,,633346,alegrete.piaui,BR-PI-AlegretePiaui,89,"{""postalCode_ranges"": ""[64675-000 64677-999]""}"
302804,76,2200301,Alto Longá,PI,AOX,636564,alto.longa,BR-PI-AltoLonga,86,"{""postalCode_ranges"": ""[64360-000 64364-999]""}"
-762200400,76,2200400,Altos,PI,ATS,1940492,altos,BR-PI-Altos,86,"{""postalCode_ranges"": ""[64290-000 64294-999]""}"
302725,76,2200459,Alvorada do Gurguéia,PI,,1940535,alvorada.gurgueia,BR-PI-AlvoradaGurgueia,89,"{""postalCode_ranges"": ""[64923-000 64924-999]""}"
-762200509,76,2200509,Amarante,PI,ANT,2094729,amarante,BR-PI-Amarante,86,"{""postalCode_ranges"": ""[64400-000 64409-999]""}"
302863,76,2200608,Angical do Piauí,PI,ALD,1892127,angical.piaui,BR-PI-AngicalPiaui,86,"{""postalCode_ranges"": ""[64410-000 64414-999]""}"
302719,76,2200707,Anísio de Abreu,PI,ASB,1938748,anisio.abreu,BR-PI-AnisioAbreu,89,"{""postalCode_ranges"": ""[64780-000 64781-999]""}"
302758,76,2200806,Antônio Almeida,PI,AMD,2064181,antonio.almeida,BR-PI-AntonioAlmeida,89,"{""postalCode_ranges"": ""[64855-000 64857-999]""}"
302815,76,2200905,Aroazes,PI,ARZ,1940548,aroazes,BR-PI-Aroazes,89,"{""postalCode_ranges"": ""[64310-000 64314-999]""}"
302678,76,2200954,Aroeiras do Itaim,PI,,2095297,aroeiras.itaim,BR-PI-AroeirasItaim,89,"{""postalCode_ranges"": ""[64612-000 64612-999]""}"
302658,76,2201002,Arraial,PI,ARK,2064170,arraial,BR-PI-Arraial,89,"{""postalCode_ranges"": ""[64480-000 64489-999]""}"
302685,76,2201051,Assunção do Piauí,PI,,2078771,assuncao.piaui,BR-PI-AssuncaoPiaui,86,"{""postalCode_ranges"": ""[64333-000 64334-999]""}"
302667,76,2201101,Avelino Lopes,PI,AVP,1809642,avelino.lopes,BR-PI-AvelinoLopes,89,"{""postalCode_ranges"": ""[64965-000 64967-999]""}"
302841,76,2201150,Baixa Grande do Ribeiro,PI,,2049334,baixa.grande.ribeiro,BR-PI-BaixaGrandeRibeiro,89,"{""postalCode_ranges"": ""[64868-000 64869-999]""}"
302668,76,2201176,Barra D'Alcântara,PI,,1938757,barra.alcantara,BR-PI-BarraAlcantara,89,"{""postalCode_ranges"": ""[64528-000 64529-999]""}"
302767,76,2201200,Barras,PI,BRZ,808836,barras,BR-PI-Barras,86,"{""postalCode_ranges"": ""[64100-000 64104-999]""}"
302724,76,2201309,Barreiras do Piauí,PI,BSD,618000,barreiras.piaui,BR-PI-BarreirasPiaui,89,"{""postalCode_ranges"": ""[64990-000 64992-999]""}"
302756,76,2201408,Barro Duro,PI,BDU,2064159,barro.duro,BR-PI-BarroDuro,86,"{""postalCode_ranges"": ""[64455-000 64459-999]""}"
302711,76,2201507,Batalha,PI,BLH,2012017,batalha,BR-PI-Batalha,86,"{""postalCode_ranges"": ""[64190-000 64199-999]""}"
302742,76,2201556,Bela Vista do Piauí,PI,,378812,bela.vista.piaui,BR-PI-BelaVistaPiaui,89,"{""postalCode_ranges"": ""[64705-000 64709-999]""}"
302828,76,2201572,Belém do Piauí,PI,,1811039,belem.piaui,BR-PI-BelemPiaui,89,"{""postalCode_ranges"": ""[64678-000 64679-999]""}"
302808,76,2201606,Beneditinos,PI,BTS,1981008,beneditinos,BR-PI-Beneditinos,86,"{""postalCode_ranges"": ""[64380-000 64387-999]""}"
302849,76,2201705,Bertolínia,PI,BTL,769524,bertolinia,BR-PI-Bertolinia,89,"{""postalCode_ranges"": ""[64870-000 64872-999]""}"
302778,76,2201739,Betânia do Piauí,PI,,2064331,betania.piaui,BR-PI-BetaniaPiaui,89,"{""postalCode_ranges"": ""[64753-000 64754-999]""}"
302715,76,2201770,Boa Hora,PI,,1838960,boa.hora,BR-PI-BoaHora,86,"{""postalCode_ranges"": ""[64108-000 64109-999]""}"
302831,76,2201804,Bocaina,PI,BCI,2097681,bocaina,BR-PI-Bocaina,89,"{""postalCode_ranges"": ""[64630-000 64634-999]""}"
302689,76,2201903,Bom Jesus,PI,BOM,891715,bom.jesus,BR-PI-BomJesus,89,"{""postalCode_ranges"": ""[64900-000 64904-999]""}"
302729,76,2201919,Bom Princípio do Piauí,PI,,2063977,bom.principio.piaui,BR-PI-BomPrincipioPiaui,86,"{""postalCode_ranges"": ""[64225-000 64227-999]""}"
302716,76,2201929,Bonfim do Piauí,PI,,2089257,bonfim.piaui,BR-PI-BonfimPiaui,89,"{""postalCode_ranges"": ""[64775-000 64777-999]""}"
302833,76,2201945,Boqueirão do Piauí,PI,,2078789,boqueirao.piaui,BR-PI-BoqueiraoPiaui,86,"{""postalCode_ranges"": ""[64283-000 64284-999]""}"
302643,76,2201960,Brasileira,PI,,2329749,brasileira,BR-PI-Brasileira,86,"{""postalCode_ranges"": ""[64265-000 64269-999]""}"
302737,76,2201988,Brejo do Piauí,PI,,2089172,brejo.piaui,BR-PI-BrejoPiaui,89,"{""postalCode_ranges"": ""[64895-000 64897-999]""}"
302861,76,2202000,Buriti dos Lopes,PI,BIL,2064004,buriti.lopes,BR-PI-BuritiLopes,86,"{""postalCode_ranges"": ""[64230-000 64232-999]""}"
302865,76,2202026,Buriti dos Montes,PI,,1999799,buriti.montes,BR-PI-BuritiMontes,86,"{""postalCode_ranges"": ""[64345-000 64349-999]""}"
302721,76,2202059,Cabeceiras do Piauí,PI,,1938976,cabeceiras.piaui,BR-PI-CabeceirasPiaui,86,"{""postalCode_ranges"": ""[64105-000 64107-999]""}"
302703,76,2202075,Cajazeiras do Piauí,PI,,2064526,cajazeiras.piaui,BR-PI-CajazeirasPiaui,89,"{""postalCode_ranges"": ""[64514-000 64515-999]""}"
302712,76,2202083,Cajueiro da Praia,PI,,2064154,cajueiro.praia,BR-PI-CajueiroPraia,86,"{""postalCode_ranges"": ""[64222-000 64223-999]""}"
302843,76,2202091,Caldeirão Grande do Piauí,PI,,2064592,caldeirao.grande.piaui,BR-PI-CaldeiraoGrandePiaui,89,"{""postalCode_ranges"": ""[64695-000 64699-999]""}"
302765,76,2202109,Campinas do Piauí,PI,CKU,1938871,campinas.piaui,BR-PI-CampinasPiaui,89,"{""postalCode_ranges"": ""[64730-000 64739-999]""}"
302847,76,2202117,Campo Alegre do Fidalgo,PI,,2064600,campo.alegre.fidalgo,BR-PI-CampoAlegreFidalgo,89,"{""postalCode_ranges"": ""[64767-000 64767-999]""}"
302810,76,2202133,Campo Grande do Piauí,PI,,2064482,campo.grande.piaui,BR-PI-CampoGrandePiaui,89,"{""postalCode_ranges"": ""[64578-000 64579-999]""}"
302674,76,2202174,Campo Largo do Piauí,PI,,1938765,campo.largo.piaui,BR-PI-CampoLargoPiaui,86,"{""postalCode_ranges"": ""[64148-000 64149-999]""}"
302832,76,2202208,Campo Maior,PI,CRA,2105005,campo.maior,BR-PI-CampoMaior,86,"{""postalCode_ranges"": ""[64280-000 64282-999]""}"
302665,76,2202251,Canavieira,PI,,2078429,canavieira,BR-PI-Canavieira,89,"{""postalCode_ranges"": ""[64833-000 64834-999]""}"
302822,76,2202307,Canto do Buriti,PI,CII,2079682,canto.buriti,BR-PI-CantoBuriti,89,"{""postalCode_ranges"": ""[64890-000 64892-999]""}"
302710,76,2202406,Capitão de Campos,PI,CPW,2089202,capitao.campos,BR-PI-CapitaoCampos,86,"{""postalCode_ranges"": ""[64270-000 64274-999]""}"
302806,76,2202455,Capitão Gervásio Oliveira,PI,,636789,capitao.gervasio.oliveira,BR-PI-CapitaoGervasioOliveira,89,"{""postalCode_ranges"": ""[64763-000 64763-999]""}"
302745,76,2202505,Caracol,PI,CRW,2104975,caracol,BR-PI-Caracol,89,"{""postalCode_ranges"": ""[64795-000 64797-999]""}"
302840,76,2202539,Caraúbas do Piauí,PI,,2064040,caraubas.piaui,BR-PI-CaraubasPiaui,86,"{""postalCode_ranges"": ""[64233-000 64234-999]""}"
302736,76,2202554,Caridade do Piauí,PI,,2064398,caridade.piaui,BR-PI-CaridadePiaui,89,"{""postalCode_ranges"": ""[64590-000 64594-999]""}"
302700,76,2202604,Castelo do Piauí,PI,CPI,2078710,castelo.piaui,BR-PI-CasteloPiaui,86,"{""postalCode_ranges"": ""[64340-000 64342-999]""}"
302855,76,2202653,Caxingó,PI,,1938789,caxingo,BR-PI-Caxingo,86,"{""postalCode_ranges"": ""[64228-000 64229-999]""}"
302723,76,2202703,Cocal,PI,CCX,511764,cocal,BR-PI-Cocal,86,"{""postalCode_ranges"": ""[64235-000 64237-999]""}"
302802,76,2202711,Cocal de Telha,PI,,2078362,cocal.telha,BR-PI-CocalTelha,86,"{""postalCode_ranges"": ""[64278-000 64279-999]""}"
302732,76,2202729,Cocal dos Alves,PI,,1940520,cocal.alves,BR-PI-CocalAlves,86,"{""postalCode_ranges"": ""[64238-000 64239-999]""}"
302784,76,2202737,Coivaras,PI,,2077715,coivaras,BR-PI-Coivaras,86,"{""postalCode_ranges"": ""[64335-000 64339-999]""}"
302814,76,2202752,Colônia do Gurguéia,PI,,2064280,colonia.gurgueia,BR-PI-ColoniaGurgueia,89,"{""postalCode_ranges"": ""[64885-000 64889-999]""}"
302781,76,2202778,Colônia do Piauí,PI,,2066010,colonia.piaui,BR-PI-ColoniaPiaui,89,"{""postalCode_ranges"": ""[64516-000 64517-999]""}"
302763,76,2202802,Conceição do Canindé,PI,CYE,256489,conceicao.caninde,BR-PI-ConceicaoCaninde,89,"{""postalCode_ranges"": ""[64740-000 64744-999]""}"
302740,76,2202851,Coronel José Dias,PI,,2078647,coronel.jose.dias,BR-PI-CoronelJoseDias,89,"{""postalCode_ranges"": ""[64793-000 64794-999]""}"
302800,76,2202901,Corrente,PI,CNT,2662106,corrente,BR-PI-Corrente,89,"{""postalCode_ranges"": ""[64980-000 64984-999]""}"
302642,76,2203008,Cristalândia do Piauí,PI,CWI,1122557,cristalandia.piaui,BR-PI-CristalandiaPiaui,89,"{""postalCode_ranges"": ""[64995-000 64999-999]""}"
302761,76,2203107,Cristino Castro,PI,CYT,1940564,cristino.castro,BR-PI-CristinoCastro,89,"{""postalCode_ranges"": ""[64920-000 64922-999]""}"
302708,76,2203206,Curimatá,PI,CYM,655584,curimata,BR-PI-Curimata,89,"{""postalCode_ranges"": ""[64960-000 64962-999]""}"
302783,76,2203230,Currais,PI,,2065020,currais,BR-PI-Currais,89,"{""postalCode_ranges"": ""[64905-000 64909-999]""}"
302788,76,2203255,Curralinhos,PI,,1871203,curralinhos,BR-PI-Curralinhos,86,"{""postalCode_ranges"": ""[64453-000 64454-999]""}"
302857,76,2203271,Curral Novo do Piauí,PI,,1936263,curral.novo.piaui,BR-PI-CurralNovoPiaui,89,"{""postalCode_ranges"": ""[64595-000 64599-999]""}"
302834,76,2203305,Demerval Lobão,PI,DVB,1851653,demerval.lobao,BR-PI-DemervalLobao,86,"{""postalCode_ranges"": ""[64390-000 64394-999]""}"
302652,76,2203354,Dirceu Arcoverde,PI,DIU,2079658,dirceu.arcoverde,BR-PI-DirceuArcoverde,89,"{""postalCode_ranges"": ""[64785-000 64787-999]""}"
302679,76,2203404,Dom Expedito Lopes,PI,DEL,2064417,dom.expedito.lopes,BR-PI-DomExpeditoLopes,89,"{""postalCode_ranges"": ""[64620-000 64624-999]""}"
302651,76,2203420,Domingos Mourão,PI,DMM,1937344,domingos.mourao,BR-PI-DomingosMourao,86,"{""postalCode_ranges"": ""[64250-000 64252-999]""}"
302803,76,2203453,Dom Inocêncio,PI,DIN,2089195,dom.inocencio,BR-PI-DomInocencio,89,"{""postalCode_ranges"": ""[64790-000 64792-999]""}"
302693,76,2203503,Elesbão Veloso,PI,EEV,2078352,elesbao.veloso,BR-PI-ElesbaoVeloso,86,"{""postalCode_ranges"": ""[64325-000 64329-999]""}"
302738,76,2203602,Eliseu Martins,PI,ELS,2064194,eliseu.martins,BR-PI-EliseuMartins,89,"{""postalCode_ranges"": ""[64880-000 64884-999]""}"
302851,76,2203701,Esperantina,PI,ENA,2009973,esperantina,BR-PI-Esperantina,86,"{""postalCode_ranges"": ""[64180-000 64189-999]""}"
302813,76,2203750,Fartura do Piauí,PI,,1936286,fartura.piaui,BR-PI-FarturaPiaui,89,"{""postalCode_ranges"": ""[64788-000 64789-999]""}"
302744,76,2203800,Flores do Piauí,PI,FUI,1937384,flores.piaui,BR-PI-FloresPiaui,89,"{""postalCode_ranges"": ""[64815-000 64819-999]""}"
302683,76,2203859,Floresta do Piauí,PI,,1935819,floresta.piaui,BR-PI-FlorestaPiaui,89,"{""postalCode_ranges"": ""[64563-000 64564-999]""}"
302684,76,2203909,Floriano,PI,FLO,2008644,floriano,BR-PI-Floriano,89,"{""postalCode_ranges"": ""[64800-001 64814-999]""}"
302846,76,2204006,Francinópolis,PI,FOO,2077745,francinopolis,BR-PI-Francinopolis,89,"{""postalCode_ranges"": ""[64520-000 64524-999]""}"
302690,76,2204105,Francisco Ayres,PI,FYS,1938945,francisco.ayres,BR-PI-FranciscoAyres,89,"{""postalCode_ranges"": ""[64475-000 64479-999]""}"
302773,76,2204154,Francisco Macedo,PI,,2064534,francisco.macedo,BR-PI-FranciscoMacedo,89,"{""postalCode_ranges"": ""[64683-000 64684-999]""}"
302757,76,2204204,Francisco Santos,PI,FCC,2078798,francisco.santos,BR-PI-FranciscoSantos,89,"{""postalCode_ranges"": ""[64645-000 64649-999]""}"
302823,76,2204303,Fronteiras,PI,FNT,2064409,fronteiras,BR-PI-Fronteiras,89,"{""postalCode_ranges"": ""[64690-000 64694-999]""}"
302730,76,2204352,Geminiano,PI,,1852620,geminiano,BR-PI-Geminiano,89,"{""postalCode_ranges"": ""[64613-000 64614-999]""}"
302656,76,2204402,Gilbués,PI,GLU,677076,gilbues,BR-PI-Gilbues,89,"{""postalCode_ranges"": ""[64930-000 64939-999]""}"
302853,76,2204501,Guadalupe,PI,GDP,2104157,guadalupe,BR-PI-Guadalupe,89,"{""postalCode_ranges"": ""[64840-000 64844-999]""}"
302645,76,2204550,Guaribas,PI,,1969397,guaribas,BR-PI-Guaribas,89,"{""postalCode_ranges"": ""[64798-000 64799-999]""}"
302817,76,2204600,Hugo Napoleão,PI,HUN,1938815,hugo.napoleao,BR-PI-HugoNapoleao,86,"{""postalCode_ranges"": ""[64470-000 64474-999]""}"
302864,76,2204659,Ilha Grande,PI,,2078225,ilha.grande,BR-PI-IlhaGrande,86,"{""postalCode_ranges"": ""[64224-000 64224-999]""}"
302671,76,2204709,Inhuma,PI,INU,2104143,inhuma,BR-PI-Inhuma,89,"{""postalCode_ranges"": ""[64535-000 64539-999]""}"
302688,76,2204808,Ipiranga do Piauí,PI,IPD,2042128,ipiranga.piaui,BR-PI-IpirangaPiaui,89,"{""postalCode_ranges"": ""[64540-000 64544-999]""}"
302649,76,2204907,Isaías Coelho,PI,ISL,1935791,isaias.coelho,BR-PI-IsaiasCoelho,89,"{""postalCode_ranges"": ""[64570-000 64572-999]""}"
302796,76,2205003,Itainópolis,PI,ITO,662237,itainopolis,BR-PI-Itainopolis,89,"{""postalCode_ranges"": ""[64565-000 64567-999]""}"
302735,76,2205102,Itaueira,PI,IUY,2079025,itaueira,BR-PI-Itaueira,89,"{""postalCode_ranges"": ""[64820-000 64824-999]""}"
302672,76,2205151,Jacobina do Piauí,PI,,2064385,jacobina.piaui,BR-PI-JacobinaPiaui,89,"{""postalCode_ranges"": ""[64755-000 64757-999]""}"
302779,76,2205201,Jaicós,PI,JOS,953959,jaicos,BR-PI-Jaicos,89,"{""postalCode_ranges"": ""[64575-000 64577-999]""}"
302805,76,2205250,Jardim do Mulato,PI,,1991909,jardim.mulato,BR-PI-JardimMulato,86,"{""postalCode_ranges"": ""[64495-000 64499-999]""}"
302747,76,2205276,Jatobá do Piauí,PI,,2079666,jatoba.piaui,BR-PI-JatobaPiaui,86,"{""postalCode_ranges"": ""[64275-000 64277-999]""}"
302743,76,2205300,Jerumenha,PI,JNH,2089161,jerumenha,BR-PI-Jerumenha,89,"{""postalCode_ranges"": ""[64830-000 64832-999]""}"
302666,76,2205359,João Costa,PI,,762804,joao.costa,BR-PI-JoaoCosta,89,"{""postalCode_ranges"": ""[64765-000 64766-999]""}"
302670,76,2205409,Joaquim Pires,PI,JQP,961001,joaquim.pires,BR-PI-JoaquimPires,86,"{""postalCode_ranges"": ""[64170-000 64174-999]""}"
302663,76,2205458,Joca Marques,PI,,2078313,joca.marques,BR-PI-JocaMarques,86,"{""postalCode_ranges"": ""[64165-000 64167-999]""}"
302662,76,2205508,José de Freitas,PI,JFT,2078167,jose.freitas,BR-PI-JoseFreitas,86,"{""postalCode_ranges"": ""[64110-000 64119-999]""}"
302751,76,2205516,Juazeiro do Piauí,PI,,2078842,juazeiro.piaui,BR-PI-JuazeiroPiaui,86,"{""postalCode_ranges"": ""[64343-000 64344-999]""}"
302644,76,2205524,Júlio Borges,PI,,369466,julio.borges,BR-PI-JulioBorges,89,"{""postalCode_ranges"": ""[64963-000 64964-999]""}"
302854,76,2205532,Jurema,PI,,1941164,jurema,BR-PI-Jurema,89,"{""postalCode_ranges"": ""[64782-000 64782-999]""}"
302801,76,2205540,Lagoinha do Piauí,PI,,2064145,lagoinha.piaui,BR-PI-LagoinhaPiaui,86,"{""postalCode_ranges"": ""[64465-000 64467-999]""}"
302653,76,2205557,Lagoa Alegre,PI,,2077708,lagoa.alegre,BR-PI-LagoaAlegre,86,"{""postalCode_ranges"": ""[64138-000 64139-999]""}"
302654,76,2205565,Lagoa do Barro do Piauí,PI,,2064717,lagoa.barro.piaui,BR-PI-LagoaBarroPiaui,89,"{""postalCode_ranges"": ""[64768-000 64769-999]""}"
302759,76,2205573,Lagoa de São Francisco,PI,,1114540,lagoa.sao.francisco,BR-PI-LagoaSaoFrancisco,86,"{""postalCode_ranges"": ""[64258-000 64259-999]""}"
302792,76,2205581,Lagoa do Piauí,PI,,1938883,lagoa.piaui,BR-PI-LagoaPiaui,86,"{""postalCode_ranges"": ""[64388-000 64389-999]""}"
302733,76,2205599,Lagoa do Sítio,PI,,1853146,lagoa.sitio,BR-PI-LagoaSitio,89,"{""postalCode_ranges"": ""[64308-000 64309-999]""}"
302782,76,2205607,Landri Sales,PI,LDL,1938802,landri.sales,BR-PI-LandriSales,89,"{""postalCode_ranges"": ""[64850-000 64854-999]""}"
302726,76,2205706,Luís Correia,PI,LSR,2064046,luis.correia,BR-PI-LuisCorreia,86,"{""postalCode_ranges"": ""[64220-000 64221-999]""}"
302746,76,2205805,Luzilândia,PI,LZN,1924294,luzilandia,BR-PI-Luzilandia,86,"{""postalCode_ranges"": ""[64160-000 64164-999]""}"
302858,76,2205854,Madeiro,PI,,2064030,madeiro,BR-PI-Madeiro,86,"{""postalCode_ranges"": ""[64168-000 64169-999]""}"
302768,76,2205904,Manoel Emídio,PI,MMI,2064262,manoel.emidio,BR-PI-ManoelEmidio,89,"{""postalCode_ranges"": ""[64875-000 64879-999]""}"
302713,76,2205953,Marcolândia,PI,,1878529,marcolandia,BR-PI-Marcolandia,89,"{""postalCode_ranges"": ""[64685-000 64687-999]""}"
302704,76,2206001,Marcos Parente,PI,MPT,1938857,marcos.parente,BR-PI-MarcosParente,89,"{""postalCode_ranges"": ""[64845-000 64849-999]""}"
302697,76,2206050,Massapê do Piauí,PI,,1940480,massape.piaui,BR-PI-MassapePiaui,89,"{""postalCode_ranges"": ""[64573-000 64574-999]""}"
302655,76,2206100,Matias Olímpio,PI,MSO,1894372,matias.olimpio,BR-PI-MatiasOlimpio,86,"{""postalCode_ranges"": ""[64150-000 64154-999]""}"
302827,76,2206209,Miguel Alves,PI,MLV,677160,miguel.alves,BR-PI-MiguelAlves,86,"{""postalCode_ranges"": ""[64130-000 64137-999]""}"
302793,76,2206308,Miguel Leão,PI,MIE,2078472,miguel.leao,BR-PI-MiguelLeao,86,"{""postalCode_ranges"": ""[64445-000 64449-999]""}"
302825,76,2206357,Milton Brandão,PI,,1938844,milton.brandao,BR-PI-MiltonBrandao,86,"{""postalCode_ranges"": ""[64253-000 64254-999]""}"
302860,76,2206407,Monsenhor Gil,PI,MHG,1935712,monsenhor.gil,BR-PI-MonsenhorGil,86,"{""postalCode_ranges"": ""[64450-000 64452-999]""}"
302816,76,2206506,Monsenhor Hipólito,PI,MHP,2060311,monsenhor.hipolito,BR-PI-MonsenhorHipolito,89,"{""postalCode_ranges"": ""[64650-000 64654-999]""}"
302659,76,2206605,Monte Alegre do Piauí,PI,MOU,1938896,monte.alegre.piaui,BR-PI-MonteAlegrePiaui,89,"{""postalCode_ranges"": ""[64940-000 64944-999]""}"
302835,76,2206654,Morro Cabeça no Tempo,PI,,2098784,morro.cabeca.no.tempo,BR-PI-MorroCabecaNoTempo,89,"{""postalCode_ranges"": ""[64968-000 64969-999]""}"
302797,76,2206670,Morro do Chapéu do Piauí,PI,,2064135,morro.chapeu.piaui,BR-PI-MorroChapeuPiaui,86,"{""postalCode_ranges"": ""[64178-000 64179-999]""}"
302839,76,2206696,Murici dos Portelas,PI,,2078394,murici.portelas,BR-PI-MuriciPortelas,86,"{""postalCode_ranges"": ""[64175-000 64177-999]""}"
302809,76,2206704,Nazaré do Piauí,PI,NZI,939833,nazare.piaui,BR-PI-NazarePiaui,89,"{""postalCode_ranges"": ""[64825-000 64829-999]""}"
2706907,76,2206720,Nazária,PI,,10335889,nazaria,BR-PI-Nazaria,86,"{""postalCode_ranges"": ""[64415-000 64419-999]""}"
302680,76,2206753,Nossa Senhora de Nazaré,PI,,963907,nossa.senhora.nazare,BR-PI-NossaSenhoraNazare,86,"{""postalCode_ranges"": ""[64288-000 64289-999]""}"
302657,76,2206803,Nossa Senhora dos Remédios,PI,NRM,2104808,nossa.senhora.remedios,BR-PI-NossaSenhoraRemedios,86,"{""postalCode_ranges"": ""[64140-000 64144-999]""}"
302720,76,2206902,Novo Oriente do Piauí,PI,NOP,2077697,novo.oriente.piaui,BR-PI-NovoOrientePiaui,89,"{""postalCode_ranges"": ""[64530-000 64534-999]""}"
302862,76,2206951,Novo Santo Antônio,PI,,2169201,novo.santo.antonio,BR-PI-NovoSantoAntonio,86,"{""postalCode_ranges"": ""[64365-000 64369-999]""}"
302701,76,2207009,Oeiras,PI,OES,2077764,oeiras,BR-PI-Oeiras,89,"{""postalCode_ranges"": ""[64500-000 64509-999]""}"
302842,76,2207108,Olho D'Água do Piauí,PI,,1940465,olho.agua.piaui,BR-PI-OlhoAguaPiaui,86,"{""postalCode_ranges"": ""[64468-000 64469-999]""}"
302739,76,2207207,Padre Marcos,PI,PMY,2066171,padre.marcos,BR-PI-PadreMarcos,89,"{""postalCode_ranges"": ""[64680-000 64682-999]""}"
302820,76,2207306,Paes Landim,PI,PSK,2078986,paes.landim,BR-PI-PaesLandim,89,"{""postalCode_ranges"": ""[64710-000 64719-999]""}"
302776,76,2207355,Pajeú do Piauí,PI,,519387,pajeu.piaui,BR-PI-PajeuPiaui,89,"{""postalCode_ranges"": ""[64898-000 64899-999]""}"
302675,76,2207405,Palmeira do Piauí,PI,PMD,1936298,palmeira.piaui,BR-PI-PalmeiraPiaui,89,"{""postalCode_ranges"": ""[64925-000 64929-999]""}"
302811,76,2207504,Palmeirais,PI,PYA,2064013,palmeirais,BR-PI-Palmeirais,86,"{""postalCode_ranges"": ""[64420-000 64429-999]""}"
302727,76,2207553,Paquetá,PI,,2065325,paqueta,BR-PI-Paqueta,89,"{""postalCode_ranges"": ""[64618-000 64619-999]""}"
302821,76,2207603,Parnaguá,PI,PNW,2089339,parnagua,BR-PI-Parnagua,89,"{""postalCode_ranges"": ""[64970-000 64974-999]""}"
302702,76,2207702,Parnaíba,PI,PNA,1643864,parnaiba,BR-PI-Parnaiba,86,"{""postalCode_ranges"": ""[64200-001 64219-999]""}"
302734,76,2207751,Passagem Franca do Piauí,PI,,1937308,passagem.franca.piaui,BR-PI-PassagemFrancaPiaui,86,"{""postalCode_ranges"": ""[64395-000 64399-999]""}"
302764,76,2207777,Patos do Piauí,PI,,1940449,patos.piaui,BR-PI-PatosPiaui,89,"{""postalCode_ranges"": ""[64580-000 64584-999]""}"
302794,76,2207793,Pau D'Arco do Piauí,PI,,1933647,pau.arco.piaui,BR-PI-PauArcoPiaui,86,"{""postalCode_ranges"": ""[64295-000 64299-999]""}"
302692,76,2207801,Paulistana,PI,PUS,2064687,paulistana,BR-PI-Paulistana,89,"{""postalCode_ranges"": ""[64750-000 64752-999]""}"
302660,76,2207850,Pavussu,PI,,2089236,pavussu,BR-PI-Pavussu,89,"{""postalCode_ranges"": ""[64838-000 64839-999]""}"
302824,76,2207900,Pedro II,PI,PDO,1934329,pedro.ii,BR-PI-PedroIi,86,"{""postalCode_ranges"": ""[64255-000 64257-999]""}"
302707,76,2207934,Pedro Laurentino,PI,,1938919,pedro.laurentino,BR-PI-PedroLaurentino,89,"{""postalCode_ranges"": ""[64728-000 64729-999]""}"
302789,76,2207959,Nova Santa Rita,PI,,2103222,nova.santa.rita,BR-PI-NovaSantaRita,89,"{""postalCode_ranges"": ""[64764-000 64764-999]""}"
302661,76,2208007,Picos,PI,PCZ,1810825,picos,BR-PI-Picos,89,"{""postalCode_ranges"": ""[64600-001 64609-999]""}"
302687,76,2208106,Pimenteiras,PI,PET,2077685,pimenteiras,BR-PI-Pimenteiras,89,"{""postalCode_ranges"": ""[64320-000 64324-999]""}"
302705,76,2208205,Pio IX,PI,PIX,2089220,pio.ix,BR-PI-PioIx,89,"{""postalCode_ranges"": ""[64660-000 64669-999]""}"
302775,76,2208304,Piracuruca,PI,PCR,2063996,piracuruca,BR-PI-Piracuruca,86,"{""postalCode_ranges"": ""[64240-000 64242-999]""}"
302698,76,2208403,Piripiri,PI,PIP,996763,piripiri,BR-PI-Piripiri,86,"{""postalCode_ranges"": ""[64260-000 64264-999]""}"
302731,76,2208502,Porto,PI,PRW,2113232,porto,BR-PI-Porto,86,"{""postalCode_ranges"": ""[64145-000 64147-999]""}"
302714,76,2208551,Porto Alegre do Piauí,PI,,1935805,porto.alegre.piaui,BR-PI-PortoAlegrePiaui,89,"{""postalCode_ranges"": ""[64858-000 64859-999]""}"
302772,76,2208601,Prata do Piauí,PI,PPY,2042707,prata.piaui,BR-PI-PrataPiaui,86,"{""postalCode_ranges"": ""[64370-000 64374-999]""}"
302681,76,2208650,Queimada Nova,PI,,1938832,queimada.nova,BR-PI-QueimadaNova,89,"{""postalCode_ranges"": ""[64758-000 64759-999]""}"
302699,76,2208700,Redenção do Gurguéia,PI,RGG,1848362,redencao.gurgueia,BR-PI-RedencaoGurgueia,89,"{""postalCode_ranges"": ""[64915-000 64919-999]""}"
302838,76,2208809,Regeneração,PI,RGE,1879913,regeneracao,BR-PI-Regeneracao,86,"{""postalCode_ranges"": ""[64490-000 64494-999]""}"
302646,76,2208858,Riacho Frio,PI,,1936273,riacho.frio,BR-PI-RiachoFrio,89,"{""postalCode_ranges"": ""[64975-000 64979-999]""}"
302836,76,2208874,Ribeira do Piauí,PI,RBA,521452,ribeira.piaui,BR-PI-RibeiraPiaui,89,"{""postalCode_ranges"": ""[64725-000 64727-999]""}"
302777,76,2208908,Ribeiro Gonçalves,PI,RBG,2064254,ribeiro.goncalves,BR-PI-RibeiroGoncalves,89,"{""postalCode_ranges"": ""[64865-000 64867-999]""}"
302722,76,2209005,Rio Grande do Piauí,PI,RRP,629855,rio.grande.piaui,BR-PI-RioGrandePiaui,89,"{""postalCode_ranges"": ""[64835-000 64837-999]""}"
302829,76,2209104,Santa Cruz do Piauí,PI,SZI,1937333,santa.cruz.piaui,BR-PI-SantaCruzPiaui,89,"{""postalCode_ranges"": ""[64545-000 64547-999]""}"
302673,76,2209153,Santa Cruz dos Milagres,PI,,2077726,santa.cruz.milagres,BR-PI-SantaCruzMilagres,89,"{""postalCode_ranges"": ""[64315-000 64319-999]""}"
302866,76,2209203,Santa Filomena,PI,SFK,2340263,santa.filomena,BR-PI-SantaFilomena,89,"{""postalCode_ranges"": ""[64945-000 64959-999]""}"
302753,76,2209302,Santa Luz,PI,SXZ,1938964,santa.luz,BR-PI-SantaLuz,89,"{""postalCode_ranges"": ""[64910-000 64914-999]""}"
302648,76,2209351,Santana do Piauí,PI,,1938905,santana.piaui,BR-PI-SantanaPiaui,89,"{""postalCode_ranges"": ""[64615-000 64617-999]""}"
302798,76,2209377,Santa Rosa do Piauí,PI,,2065835,santa.rosa.piaui,BR-PI-SantaRosaPiaui,89,"{""postalCode_ranges"": ""[64518-000 64519-999]""}"
302760,76,2209401,Santo Antônio de Lisboa,PI,SSB,659267,santo.antonio.lisboa,BR-PI-SantoAntonioLisboa,89,"{""postalCode_ranges"": ""[64640-000 64644-999]""}"
302682,76,2209450,Santo Antônio dos Milagres,PI,,1984524,santo.antonio.milagres,BR-PI-SantoAntonioMilagres,86,"{""postalCode_ranges"": ""[64438-000 64439-999]""}"
302677,76,2209500,Santo Inácio do Piauí,PI,SYU,952549,santo.inacio.piaui,BR-PI-SantoInacioPiaui,89,"{""postalCode_ranges"": ""[64560-000 64562-999]""}"
302785,76,2209559,São Braz do Piauí,PI,,2078851,sao.braz.piaui,BR-PI-SaoBrazPiaui,89,"{""postalCode_ranges"": ""[64783-000 64784-999]""}"
302766,76,2209609,São Félix do Piauí,PI,SXI,2078371,sao.felix.piaui,BR-PI-SaoFelixPiaui,86,"{""postalCode_ranges"": ""[64375-000 64377-999]""}"
302718,76,2209658,São Francisco de Assis do Piauí,PI,,979443,sao.francisco.assis.piaui,BR-PI-SaoFranciscoAssisPiaui,89,"{""postalCode_ranges"": ""[64745-000 64747-999]""}"
302850,76,2209708,São Francisco do Piauí,PI,SFU,1899910,sao.francisco.piaui,BR-PI-SaoFranciscoPiaui,89,"{""postalCode_ranges"": ""[64550-000 64554-999]""}"
302770,76,2209757,São Gonçalo do Gurguéia,PI,,1940505,sao.goncalo.gurgueia,BR-PI-SaoGoncaloGurgueia,89,"{""postalCode_ranges"": ""[64993-000 64994-999]""}"
302787,76,2209807,São Gonçalo do Piauí,PI,SCY,2005540,sao.goncalo.piaui,BR-PI-SaoGoncaloPiaui,86,"{""postalCode_ranges"": ""[64435-000 64437-999]""}"
302695,76,2209856,São João da Canabrava,PI,SCB,2064374,sao.joao.canabrava,BR-PI-SaoJoaoCanabrava,89,"{""postalCode_ranges"": ""[64635-000 64637-999]""}"
302754,76,2209872,São João da Fronteira,PI,,2064127,sao.joao.fronteira,BR-PI-SaoJoaoFronteira,86,"{""postalCode_ranges"": ""[64243-000 64244-999]""}"
302859,76,2209906,São João da Serra,PI,SXJ,2099643,sao.joao.serra,BR-PI-SaoJoaoSerra,86,"{""postalCode_ranges"": ""[64350-000 64359-999]""}"
302706,76,2209955,São João da Varjota,PI,,1938932,sao.joao.varjota,BR-PI-SaoJoaoVarjota,89,"{""postalCode_ranges"": ""[64510-000 64511-999]""}"
302844,76,2209971,São João do Arraial,PI,,2064021,sao.joao.arraial,BR-PI-SaoJoaoArraial,86,"{""postalCode_ranges"": ""[64155-000 64159-999]""}"
302686,76,2210003,São João do Piauí,PI,SPI,1937319,sao.joao.piaui,BR-PI-SaoJoaoPiaui,89,"{""postalCode_ranges"": ""[64760-000 64762-999]""}"
302691,76,2210052,São José do Divino,PI,,2105469,sao.jose.divino,BR-PI-SaoJoseDivino,86,"{""postalCode_ranges"": ""[64245-000 64249-999]""}"
302750,76,2210102,São José do Peixe,PI,SXE,769359,sao.jose.peixe,BR-PI-SaoJosePeixe,89,"{""postalCode_ranges"": ""[64555-000 64557-999]""}"
302676,76,2210201,São José do Piauí,PI,SPY,2066044,sao.jose.piaui,BR-PI-SaoJosePiaui,89,"{""postalCode_ranges"": ""[64625-000 64629-999]""}"
302790,76,2210300,São Julião,PI,SYJ,1987363,sao.juliao,BR-PI-SaoJuliao,89,"{""postalCode_ranges"": ""[64670-000 64674-999]""}"
302812,76,2210359,São Lourenço do Piauí,PI,,518321,sao.lourenco.piaui,BR-PI-SaoLourencoPiaui,89,"{""postalCode_ranges"": ""[64778-000 64779-999]""}"
302830,76,2210375,São Luis do Piauí,PI,,1935674,sao.luis.piaui,BR-PI-SaoLuisPiaui,89,"{""postalCode_ranges"": ""[64638-000 64639-999]""}"
302717,76,2210383,São Miguel da Baixa Grande,PI,,1935660,sao.miguel.baixa.grande,BR-PI-SaoMiguelBaixaGrande,86,"{""postalCode_ranges"": ""[64378-000 64379-999]""}"
302807,76,2210391,São Miguel do Fidalgo,PI,,2079673,sao.miguel.fidalgo,BR-PI-SaoMiguelFidalgo,89,"{""postalCode_ranges"": ""[64558-000 64559-999]""}"
302741,76,2210409,São Miguel do Tapuio,PI,SUO,2078456,sao.miguel.tapuio,BR-PI-SaoMiguelTapuio,86,"{""postalCode_ranges"": ""[64330-000 64332-999]""}"
302795,76,2210508,São Pedro do Piauí,PI,SPP,2077678,sao.pedro.piaui,BR-PI-SaoPedroPiaui,86,"{""postalCode_ranges"": ""[64430-000 64434-999]""}"
302786,76,2210607,São Raimundo Nonato,PI,SRN,1935702,sao.raimundo.nonato,BR-PI-SaoRaimundoNonato,89,"{""postalCode_ranges"": ""[64770-000 64772-999]""}"
302650,76,2210623,Sebastião Barros,PI,,1977122,sebastiao.barros,BR-PI-SebastiaoBarros,89,"{""postalCode_ranges"": ""[64985-000 64989-999]""}"
302848,76,2210631,Sebastião Leal,PI,,2078343,sebastiao.leal,BR-PI-SebastiaoLeal,89,"{""postalCode_ranges"": ""[64873-000 64874-999]""}"
302694,76,2210656,Sigefredo Pacheco,PI,,2095087,sigefredo.pacheco,BR-PI-SigefredoPacheco,86,"{""postalCode_ranges"": ""[64285-000 64287-999]""}"
302791,76,2210706,Simões,PI,SYS,2089169,simoes,BR-PI-Simoes,89,"{""postalCode_ranges"": ""[64585-000 64589-999]""}"
302837,76,2210805,Simplício Mendes,PI,SLC,1943081,simplicio.mendes,BR-PI-SimplicioMendes,89,"{""postalCode_ranges"": ""[64700-000 64704-999]""}"
302762,76,2210904,Socorro do Piauí,PI,SYC,2065179,socorro.piaui,BR-PI-SocorroPiaui,89,"{""postalCode_ranges"": ""[64720-000 64724-999]""}"
302728,76,2210938,Sussuapara,PI,,2066083,sussuapara,BR-PI-Sussuapara,89,"{""postalCode_ranges"": ""[64610-000 64611-999]""}"
302748,76,2210953,Tamboril do Piauí,PI,,1935687,tamboril.piaui,BR-PI-TamborilPiaui,89,"{""postalCode_ranges"": ""[64893-000 64894-999]""}"
302856,76,2210979,Tanque do Piauí,PI,,2065348,tanque.piaui,BR-PI-TanquePiaui,89,"{""postalCode_ranges"": ""[64512-000 64513-999]""}"
302749,76,2211001,Teresina,PI,TSA,165341,teresina,BR-PI-Teresina,86,"{""postalCode_ranges"": ""[64000-001 64099-999]""}"
302664,76,2211100,União,PI,UIO,2101441,uniao,BR-PI-Uniao,86,"{""postalCode_ranges"": ""[64120-000 64125-999]""}"
-762211209,76,2211209,Uruçuí,PI,UUC,2104841,urucui,BR-PI-Urucui,89,"{""postalCode_ranges"": ""[64860-000 64864-999]""}"
-762211308,76,2211308,Valença do Piauí,PI,VPI,730382,valenca.piaui,BR-PI-ValencaPiaui,89,"{""postalCode_ranges"": ""[64300-000 64307-999]""}"
302780,76,2211357,Várzea Branca,PI,,2078860,varzea.branca,BR-PI-VarzeaBranca,89,"{""postalCode_ranges"": ""[64773-000 64774-999]""}"
-762211407,76,2211407,Várzea Grande,PI,VZD,2233145,varzea.grande,BR-PI-VarzeaGrande,89,"{""postalCode_ranges"": ""[64525-000 64527-999]""}"
302799,76,2211506,Vera Mendes,PI,,2064975,vera.mendes,BR-PI-VeraMendes,89,"{""postalCode_ranges"": ""[64568-000 64569-999]""}"
302752,76,2211605,Vila Nova do Piauí,PI,,1979610,vila.nova.piaui,BR-PI-VilaNovaPiaui,89,"{""postalCode_ranges"": ""[64688-000 64689-999]""}"
302771,76,2211704,Wall Ferraz,PI,,1935648,wall.ferraz,BR-PI-WallFerraz,89,"{""postalCode_ranges"": ""[64548-000 64549-999]""}"
