osm_id,jurisd_base_id,jurisd_local_id,name,parent_abbrev,abbrev,wikidata_id,lexlabel,isolabel_ext,ddd,info
296665,76,4200051,Abdon Batista,SC,ANB,1637414,abdon.batista,BR-SC-AbdonBatista,49,"{""postalCode_ranges"": ""[89636-000 89637-999]""}"
296601,76,4200101,Abelardo Luz,SC,ADZ,1637506,abelardo.luz,BR-SC-AbelardoLuz,49,"{""postalCode_ranges"": ""[89830-000 89831-999]""}"
296768,76,4200200,Agrolândia,SC,ALY,397387,agrolandia,BR-SC-Agrolandia,47,"{""postalCode_ranges"": ""[88420-000 88429-999]""}"
296564,76,4200309,Agronômica,SC,AOC,1754594,agronomica,BR-SC-Agronomica,47,"{""postalCode_ranges"": ""[89188-000 89189-999]""}"
296621,76,4200408,Água Doce,SC,ACE,1750762,agua.doce,BR-SC-AguaDoce,49,"{""postalCode_ranges"": ""[89654-000 89659-999]""}"
296580,76,4200507,Águas de Chapecó,SC,ACH,1750761,aguas.chapeco,BR-SC-AguasChapeco,49,"{""postalCode_ranges"": ""[89883-000 89884-999]""}"
296574,76,4200556,Águas Frias,SC,,1796824,aguas.frias,BR-SC-AguasFrias,49,"{""postalCode_ranges"": ""[89843-000 89844-999]""}"
296576,76,4200606,Águas Mornas,SC,AMY,249844,aguas.mornas,BR-SC-AguasMornas,48,"{""postalCode_ranges"": ""[88150-000 88159-999]""}"
296694,76,4200705,Alfredo Wagner,SC,AWR,1754557,alfredo.wagner,BR-SC-AlfredoWagner,48,"{""postalCode_ranges"": ""[88450-000 88459-999]""}"
296615,76,4200754,Alto Bela Vista,SC,,1758023,alto.bela.vista,BR-SC-AltoBelaVista,49,"{""postalCode_ranges"": ""[89730-000 89734-999]""}"
296772,76,4200804,Anchieta,SC,AHT,1935710,anchieta,BR-SC-Anchieta,49,"{""postalCode_ranges"": ""[89970-000 89979-999]""}"
-764200903,76,4200903,Angelina,SC,ALW,1784392,angelina,BR-SC-Angelina,48,"{""postalCode_ranges"": ""[88460-000 88469-999]""}"
296645,76,4201000,Anita Garibaldi,SC,AGD,617657,anita.garibaldi,BR-SC-AnitaGaribaldi,49,"{""postalCode_ranges"": ""[88590-000 88597-999]""}"
-764201109,76,4201109,Anitápolis,SC,AIP,1750770,anitapolis,BR-SC-Anitapolis,48,"{""postalCode_ranges"": ""[88475-000 88484-999]""}"
296793,76,4201208,Antônio Carlos,SC,AIC,22063985,antonio.carlos,BR-SC-AntonioCarlos,48,"{""postalCode_ranges"": ""[88180-000 88189-999]""}"
296690,76,4201257,Apiúna,SC,APK,1758008,apiuna,BR-SC-Apiuna,47,"{""postalCode_ranges"": ""[89135-000 89135-999]""}"
296603,76,4201273,Arabutã,SC,,374753,arabuta,BR-SC-Arabuta,49,"{""postalCode_ranges"": ""[89740-000 89744-999]""}"
296537,76,4201307,Araquari,SC,AQI,607184,araquari,BR-SC-Araquari,47,"{""postalCode_ranges"": ""[89245-000 89246-999]""}"
296568,76,4201406,Araranguá,SC,ARU,626231,ararangua,BR-SC-Ararangua,48,"{""postalCode_ranges"": ""[88900-001 88913-999]""}"
296678,76,4201505,Armazém,SC,AZM,1764990,armazem,BR-SC-Armazem,48,"{""postalCode_ranges"": ""[88740-000 88744-999]""}"
296552,76,4201604,Arroio Trinta,SC,ATR,1758088,arroio.trinta,BR-SC-ArroioTrinta,49,"{""postalCode_ranges"": ""[89590-000 89594-999]""}"
296618,76,4201653,Arvoredo,SC,,1758063,arvoredo,BR-SC-Arvoredo,49,"{""postalCode_ranges"": ""[89778-000 89779-999]""}"
296640,76,4201703,Ascurra,SC,ASC,1758057,ascurra,BR-SC-Ascurra,47,"{""postalCode_ranges"": ""[89138-000 89139-999]""}"
296780,76,4201802,Atalanta,SC,ATX,1815704,atalanta,BR-SC-Atalanta,47,"{""postalCode_ranges"": ""[88410-000 88419-999]""}"
296577,76,4201901,Aurora,SC,AUK,2012016,aurora,BR-SC-Aurora,47,"{""postalCode_ranges"": ""[89186-000 89187-999]""}"
296681,76,4201950,Balneário Arroio do Silva,SC,,1758002,balneario.arroio.silva,BR-SC-BalnearioArroioSilva,48,"{""postalCode_ranges"": ""[88914-000 88914-999]""}"
296508,76,4202008,Balneário Camboriú,SC,BCU,598016,balneario.camboriu,BR-SC-BalnearioCamboriu,47,"{""postalCode_ranges"": ""[88330-001 88339-999]""}"
296708,76,4202057,Balneário Barra do Sul,SC,,1764948,balneario.barra.sul,BR-SC-BalnearioBarraSul,47,"{""postalCode_ranges"": ""[89247-000 89247-999]""}"
296739,76,4202073,Balneário Gaivota,SC,,1757752,balneario.gaivota,BR-SC-BalnearioGaivota,48,"{""postalCode_ranges"": ""[88955-000 88959-999]""}"
296776,76,4202081,Bandeirante,SC,,941669,bandeirante,BR-SC-Bandeirante,49,"{""postalCode_ranges"": ""[89905-000 89905-999]""}"
296658,76,4202099,Barra Bonita,SC,,1815639,barra.bonita,BR-SC-BarraBonita,49,"{""postalCode_ranges"": ""[89909-000 89909-999]""}"
296738,76,4202107,Barra Velha,SC,BVH,808787,barra.velha,BR-SC-BarraVelha,47,"{""postalCode_ranges"": ""[88390-000 88394-999]""}"
296736,76,4202131,Bela Vista do Toldo,SC,,1765028,bela.vista.toldo,BR-SC-BelaVistaToldo,47,"{""postalCode_ranges"": ""[89478-000 89479-999]""}"
296595,76,4202156,Belmonte,SC,,1799364,belmonte,BR-SC-Belmonte,49,"{""postalCode_ranges"": ""[89925-000 89929-999]""}"
296740,76,4202206,Benedito Novo,SC,BNV,817098,benedito.novo,BR-SC-BeneditoNovo,47,"{""postalCode_ranges"": ""[89124-000 89125-999]""}"
296705,76,4202305,Biguaçu,SC,BGC,1754582,biguacu,BR-SC-Biguacu,48,"{""postalCode_ranges"": ""[88160-001 88179-999]""}"
296522,76,4202404,Blumenau,SC,BNU,155557,blumenau,BR-SC-Blumenau,47,"{""postalCode_ranges"": ""[89000-001 89099-999]""}"
296754,76,4202438,Bocaina do Sul,SC,,1750759,bocaina.sul,BR-SC-BocainaSul,49,"{""postalCode_ranges"": ""[88538-000 88539-999]""}"
296743,76,4202453,Bombinhas,SC,,891934,bombinhas,BR-SC-Bombinhas,47,"{""postalCode_ranges"": ""[88215-000 88219-999]""}"
296777,76,4202503,Bom Jardim da Serra,SC,BOR,939572,bom.jardim.serra,BR-SC-BomJardimSerra,49,"{""postalCode_ranges"": ""[88640-000 88649-999]""}"
296745,76,4202537,Bom Jesus,SC,,769692,bom.jesus,BR-SC-BomJesus,49,"{""postalCode_ranges"": ""[89824-000 89824-999]""}"
296770,76,4202578,Bom Jesus do Oeste,SC,,616028,bom.jesus.oeste,BR-SC-BomJesusOeste,49,"{""postalCode_ranges"": ""[89873-000 89873-999]""}"
296507,76,4202602,Bom Retiro,SC,BMR,891740,bom.retiro,BR-SC-BomRetiro,49,"{""postalCode_ranges"": ""[88680-000 88699-999]""}"
296619,76,4202701,Botuverá,SC,BVR,894929,botuvera,BR-SC-Botuvera,47,"{""postalCode_ranges"": ""[88295-000 88299-999]""}"
296579,76,4202800,Braço do Norte,SC,BON,903373,braco.norte,BR-SC-BracoNorte,48,"{""postalCode_ranges"": ""[88750-000 88759-999]""}"
296652,76,4202859,Braço do Trombudo,SC,,1784745,braco.trombudo,BR-SC-BracoTrombudo,47,"{""postalCode_ranges"": ""[89178-000 89179-999]""}"
296734,76,4202875,Brunópolis,SC,,1765062,brunopolis,BR-SC-Brunopolis,49,"{""postalCode_ranges"": ""[89634-000 89635-999]""}"
296588,76,4202909,Brusque,SC,BQE,329488,brusque,BR-SC-Brusque,47,"{""postalCode_ranges"": ""[88350-001 88359-999]""}"
296548,76,4203006,Caçador,SC,CDR,986540,cacador,BR-SC-Cacador,49,"{""postalCode_ranges"": ""[89500-001 89514-999]""}"
296539,76,4203105,Caibi,SC,CWB,1758966,caibi,BR-SC-Caibi,49,"{""postalCode_ranges"": ""[89888-000 89889-999]""}"
296695,76,4203154,Calmon,SC,,1784723,calmon,BR-SC-Calmon,49,"{""postalCode_ranges"": ""[89430-000 89439-999]""}"
296661,76,4203204,Camboriú,SC,CBW,744097,camboriu,BR-SC-Camboriu,47,"{""postalCode_ranges"": ""[88340-001 88349-999]""}"
296761,76,4203253,Capão Alto,SC,,1112283,capao.alto,BR-SC-CapaoAlto,49,"{""postalCode_ranges"": ""[88548-000 88549-999]""}"
296792,76,4203303,Campo Alegre,SC,CLE,2087030,campo.alegre,BR-SC-CampoAlegre,47,"{""postalCode_ranges"": ""[89294-000 89294-999]""}"
296671,76,4203402,Campo Belo do Sul,SC,CBK,1765051,campo.belo.sul,BR-SC-CampoBeloSul,49,"{""postalCode_ranges"": ""[88580-000 88584-999]""}"
296712,76,4203501,Campo Erê,SC,CEW,1757768,campo.ere,BR-SC-CampoEre,49,"{""postalCode_ranges"": ""[89980-000 89980-999]""}"
296597,76,4203600,Campos Novos,SC,CNV,1764972,campos.novos,BR-SC-CamposNovos,49,"{""postalCode_ranges"": ""[89620-000 89632-999]""}"
296641,76,4203709,Canelinha,SC,CEH,957908,canelinha,BR-SC-Canelinha,48,"{""postalCode_ranges"": ""[88230-000 88239-999]""}"
296668,76,4203808,Canoinhas,SC,CNI,1799304,canoinhas,BR-SC-Canoinhas,47,"{""postalCode_ranges"": ""[89460-000 89477-999]""}"
296724,76,4203907,Capinzal,SC,,780452,capinzal,BR-SC-Capinzal,49,"{""postalCode_ranges"": ""[89665-000 89666-999]""}"
296787,76,4203956,Capivari de Baixo,SC,,1750765,capivari.baixo,BR-SC-CapivariBaixo,48,"{""postalCode_ranges"": ""[88745-000 88749-999]""}"
296521,76,4204004,Catanduvas,SC,CTV,2087108,catanduvas,BR-SC-Catanduvas,49,"{""postalCode_ranges"": ""[89670-000 89674-999]""}"
296702,76,4204103,Caxambu do Sul,SC,CXB,1758980,caxambu.sul,BR-SC-CaxambuSul,49,"{""postalCode_ranges"": ""[89880-000 89881-999]""}"
296673,76,4204152,Celso Ramos,SC,CRQ,1750758,celso.ramos,BR-SC-CelsoRamos,49,"{""postalCode_ranges"": ""[88598-000 88599-999]""}"
296709,76,4204178,Cerro Negro,SC,,1799348,cerro.negro,BR-SC-CerroNegro,49,"{""postalCode_ranges"": ""[88585-000 88589-999]""}"
296703,76,4204194,Chapadão do Lageado,SC,,1784522,chapadao.lageado,BR-SC-ChapadaoLageado,47,"{""postalCode_ranges"": ""[88407-000 88409-999]""}"
296501,76,4204202,Chapecó,SC,CCO,817387,chapeco,BR-SC-Chapeco,49,"{""postalCode_ranges"": ""[89800-001 89816-999]""}"
296639,76,4204251,Cocal do Sul,SC,,1765012,cocal.sul,BR-SC-CocalSul,48,"{""postalCode_ranges"": ""[88845-000 88849-999]""}"
296692,76,4204301,Concórdia,SC,CDA,749798,concordia,BR-SC-Concordia,49,"{""postalCode_ranges"": ""[89700-001 89729-999]""}"
296514,76,4204350,Cordilheira Alta,SC,,1758999,cordilheira.alta,BR-SC-CordilheiraAlta,49,"{""postalCode_ranges"": ""[89819-000 89819-999]""}"
296638,76,4204400,Coronel Freitas,SC,CLF,1758946,coronel.freitas,BR-SC-CoronelFreitas,49,"{""postalCode_ranges"": ""[89840-000 89842-999]""}"
296546,76,4204459,Coronel Martins,SC,,1784467,coronel.martins,BR-SC-CoronelMartins,49,"{""postalCode_ranges"": ""[89837-000 89837-999]""}"
296779,76,4204509,Corupá,SC,COU,1020408,corupa,BR-SC-Corupa,47,"{""postalCode_ranges"": ""[89278-000 89279-999]""}"
296686,76,4204558,Correia Pinto,SC,KPO,1764914,correia.pinto,BR-SC-CorreiaPinto,49,"{""postalCode_ranges"": ""[88535-000 88537-999]""}"
296527,76,4204608,Criciúma,SC,CUA,1439157,criciuma,BR-SC-Criciuma,48,"{""postalCode_ranges"": ""[88800-001 88819-999]""}"
296530,76,4204707,Cunha Porã,SC,CNP,1758938,cunha.pora,BR-SC-CunhaPora,49,"{""postalCode_ranges"": ""[89890-000 89890-999]""}"
296627,76,4204756,Cunhataí,SC,,1759005,cunhatai,BR-SC-Cunhatai,49,"{""postalCode_ranges"": ""[89886-000 89886-999]""}"
296515,76,4204806,Curitibanos,SC,CBS,1765072,curitibanos,BR-SC-Curitibanos,49,"{""postalCode_ranges"": ""[89520-000 89529-999]""}"
296672,76,4204905,Descanso,SC,DCS,1784557,descanso,BR-SC-Descanso,49,"{""postalCode_ranges"": ""[89910-000 89914-999]""}"
296607,76,4205001,Dionísio Cerqueira,SC,DCQ,1757773,dionisio.cerqueira,BR-SC-DionisioCerqueira,49,"{""postalCode_ranges"": ""[89950-000 89969-999]""}"
296693,76,4205100,Dona Emma,SC,DNM,986564,dona.emma,BR-SC-DonaEmma,47,"{""postalCode_ranges"": ""[89155-000 89156-999]""}"
296622,76,4205159,Doutor Pedrinho,SC,DPN,1784602,doutor.pedrinho,BR-SC-DoutorPedrinho,47,"{""postalCode_ranges"": ""[89126-000 89127-999]""}"
296547,76,4205175,Entre Rios,SC,,1815627,entre.rios,BR-SC-EntreRios,49,"{""postalCode_ranges"": ""[89862-000 89864-999]""}"
296560,76,4205191,Ermo,SC,,1815677,ermo,BR-SC-Ermo,48,"{""postalCode_ranges"": ""[88935-000 88939-999]""}"
296599,76,4205209,Erval Velho,SC,EVV,927128,erval.velho,BR-SC-ErvalVelho,49,"{""postalCode_ranges"": ""[89613-000 89617-999]""}"
296578,76,4205308,Faxinal dos Guedes,SC,FHS,1799399,faxinal.guedes,BR-SC-FaxinalGuedes,49,"{""postalCode_ranges"": ""[89694-000 89699-999]""}"
296503,76,4205357,Flor do Sertão,SC,,1758986,flor.sertao,BR-SC-FlorSertao,49,"{""postalCode_ranges"": ""[89878-000 89878-999]""}"
296561,76,4205407,Florianópolis,SC,FNS,132997,florianopolis,BR-SC-Florianopolis,48,"{""postalCode_ranges"": ""[88000-001 88099-999]""}"
296504,76,4205431,Formosa do Sul,SC,,1759017,formosa.sul,BR-SC-FormosaSul,49,"{""postalCode_ranges"": ""[89859-000 89859-999]""}"
296602,76,4205456,Forquilhinha,SC,FQA,1784729,forquilhinha,BR-SC-Forquilhinha,48,"{""postalCode_ranges"": ""[88850-000 88859-999]""}"
296730,76,4205506,Fraiburgo,SC,FGO,543046,fraiburgo,BR-SC-Fraiburgo,49,"{""postalCode_ranges"": ""[89580-000 89589-999]""}"
296532,76,4205555,Frei Rogério,SC,,1765020,frei.rogerio,BR-SC-FreiRogerio,49,"{""postalCode_ranges"": ""[89530-000 89532-999]""}"
296614,76,4205605,Galvão,SC,GLV,1784498,galvao,BR-SC-Galvao,49,"{""postalCode_ranges"": ""[89838-000 89838-999]""}"
296684,76,4205704,Garopaba,SC,GRB,612191,garopaba,BR-SC-Garopaba,48,"{""postalCode_ranges"": ""[88495-000 88499-999]""}"
296591,76,4205803,Garuva,SC,GRV,1784623,garuva,BR-SC-Garuva,47,"{""postalCode_ranges"": ""[89248-000 89248-999]""}"
296767,76,4205902,Gaspar,SC,GPR,856583,gaspar,BR-SC-Gaspar,47,"{""postalCode_ranges"": ""[89110-001 89119-999]""}"
296600,76,4206009,Governador Celso Ramos,SC,GCS,1765043,governador.celso.ramos,BR-SC-GovernadorCelsoRamos,48,"{""postalCode_ranges"": ""[88190-000 88199-999]""}"
296725,76,4206108,Grão Pará,SC,GOR,1764998,grao.para,BR-SC-GraoPara,48,"{""postalCode_ranges"": ""[88890-000 88899-999]""}"
296646,76,4206207,Gravatal,SC,GAV,1764929,gravatal,BR-SC-Gravatal,48,"{""postalCode_ranges"": ""[88735-000 88739-999]""}"
296698,76,4206306,Guabiruba,SC,GBR,1758034,guabiruba,BR-SC-Guabiruba,47,"{""postalCode_ranges"": ""[88360-000 88369-999]""}"
296540,76,4206405,Guaraciaba,SC,GAB,1799361,guaraciaba,BR-SC-Guaraciaba,49,"{""postalCode_ranges"": ""[89920-000 89924-999]""}"
296785,76,4206504,Guaramirim,SC,GMM,1799377,guaramirim,BR-SC-Guaramirim,47,"{""postalCode_ranges"": ""[89270-000 89274-999]""}"
296513,76,4206603,Guarujá do Sul,SC,GJS,986566,guaruja.sul,BR-SC-GuarujaSul,49,"{""postalCode_ranges"": ""[89940-000 89949-999]""}"
296647,76,4206652,Guatambú,SC,,1784804,guatambu,BR-SC-Guatambu,49,"{""postalCode_ranges"": ""[89817-000 89817-999]""}"
296649,76,4206702,Herval d'Oeste,SC,,1784481,herval.oeste,BR-SC-HervalOeste,49,"{""postalCode_ranges"": ""[89610-000 89612-999]""}"
296747,76,4206751,Ibiam,SC,,1784512,ibiam,BR-SC-Ibiam,49,"{""postalCode_ranges"": ""[89652-000 89653-999]""}"
296716,76,4206801,Ibicaré,SC,IEK,1799339,ibicare,BR-SC-Ibicare,49,"{""postalCode_ranges"": ""[89640-000 89641-999]""}"
296728,76,4206900,Ibirama,SC,IIR,747403,ibirama,BR-SC-Ibirama,47,"{""postalCode_ranges"": ""[89140-000 89144-999]""}"
296752,76,4207007,Içara,SC,YCA,1764963,icara,BR-SC-Icara,48,"{""postalCode_ranges"": ""[88820-000 88827-999]""}"
296786,76,4207106,Ilhota,SC,ILO,1799373,ilhota,BR-SC-Ilhota,47,"{""postalCode_ranges"": ""[88320-000 88329-999]""}"
296596,76,4207205,Imaruí,SC,IRU,1750764,imarui,BR-SC-Imarui,48,"{""postalCode_ranges"": ""[88770-000 88779-999]""}"
296691,76,4207304,Imbituba,SC,IMA,986545,imbituba,BR-SC-Imbituba,48,"{""postalCode_ranges"": ""[88780-000 88789-999]""}"
296791,76,4207403,Imbuia,SC,IMU,1815721,imbuia,BR-SC-Imbuia,47,"{""postalCode_ranges"": ""[88440-000 88442-999]""}"
296781,76,4207502,Indaial,SC,IDL,1784570,indaial,BR-SC-Indaial,47,"{""postalCode_ranges"": ""[89130-000 89134-999]""}"
296670,76,4207577,Iomerê,SC,,1784584,iomere,BR-SC-Iomere,49,"{""postalCode_ranges"": ""[89558-000 89559-999]""}"
296545,76,4207601,Ipira,SC,IPK,968703,ipira,BR-SC-Ipira,49,"{""postalCode_ranges"": ""[89669-000 89669-999]""}"
296765,76,4207650,Iporã do Oeste,SC,IPT,1757758,ipora.oeste,BR-SC-IporaOeste,49,"{""postalCode_ranges"": ""[89899-000 89899-999]""}"
296624,76,4207684,Ipuaçu,SC,,647194,ipuacu,BR-SC-Ipuacu,49,"{""postalCode_ranges"": ""[89832-000 89833-999]""}"
296659,76,4207700,Ipumirim,SC,IMK,1758047,ipumirim,BR-SC-Ipumirim,49,"{""postalCode_ranges"": ""[89790-000 89799-999]""}"
296788,76,4207759,Iraceminha,SC,IRH,1758989,iraceminha,BR-SC-Iraceminha,49,"{""postalCode_ranges"": ""[89891-000 89892-999]""}"
296729,76,4207809,Irani,SC,IXI,732916,irani,BR-SC-Irani,49,"{""postalCode_ranges"": ""[89680-000 89682-999]""}"
296676,76,4207858,Irati,SC,,767579,irati,BR-SC-Irati,49,"{""postalCode_ranges"": ""[89856-000 89858-999]""}"
296572,76,4207908,Irineópolis,SC,IES,1784615,irineopolis,BR-SC-Irineopolis,47,"{""postalCode_ranges"": ""[89440-000 89459-999]""}"
296635,76,4208005,Itá,SC,IXA,1774437,ita,BR-SC-Ita,49,"{""postalCode_ranges"": ""[89760-000 89764-999]""}"
296613,76,4208104,Itaiópolis,SC,ILS,1796811,itaiopolis,BR-SC-Itaiopolis,47,"{""postalCode_ranges"": ""[89340-000 89369-999]""}"
296666,76,4208203,Itajaí,SC,IAI,842713,itajai,BR-SC-Itajai,47,"{""postalCode_ranges"": ""[88300-001 88319-999]""}"
296608,76,4208302,Itapema,SC,IEA,1750776,itapema,BR-SC-Itapema,47,"{""postalCode_ranges"": ""[88220-000 88229-999]""}"
296511,76,4208401,Itapiranga,SC,IPX,595033,itapiranga,BR-SC-Itapiranga,49,"{""postalCode_ranges"": ""[89896-000 89896-999]""}"
296679,76,4208450,Itapoá,SC,ITH,1758956,itapoa,BR-SC-Itapoa,47,"{""postalCode_ranges"": ""[89249-000 89249-999]""}"
296604,76,4208500,Ituporanga,SC,IUP,1758267,ituporanga,BR-SC-Ituporanga,47,"{""postalCode_ranges"": ""[88400-000 88406-999]""}"
296722,76,4208609,Jaborá,SC,JOR,612795,jabora,BR-SC-Jabora,49,"{""postalCode_ranges"": ""[89677-000 89679-999]""}"
296589,76,4208708,Jacinto Machado,SC,JCH,1799312,jacinto.machado,BR-SC-JacintoMachado,48,"{""postalCode_ranges"": ""[88950-000 88954-999]""}"
296710,76,4208807,Jaguaruna,SC,JUU,1764984,jaguaruna,BR-SC-Jaguaruna,48,"{""postalCode_ranges"": ""[88715-000 88716-999]""}"
296625,76,4208906,Jaraguá do Sul,SC,JGS,849584,jaragua.sul,BR-SC-JaraguaSul,47,"{""postalCode_ranges"": ""[89250-001 89269-999]""}"
296566,76,4208955,Jardinópolis,SC,,1815648,jardinopolis,BR-SC-Jardinopolis,49,"{""postalCode_ranges"": ""[89848-000 89849-999]""}"
296753,76,4209003,Joaçaba,SC,JCA,1758467,joacaba,BR-SC-Joacaba,49,"{""postalCode_ranges"": ""[89600-000 89608-999]""}"
296650,76,4209102,Joinville,SC,JVE,156819,joinville,BR-SC-Joinville,47,"{""postalCode_ranges"": ""[89200-001 89239-999]""}"
296519,76,4209151,José Boiteux,SC,JBX,1784463,jose.boiteux,BR-SC-JoseBoiteux,47,"{""postalCode_ranges"": ""[89145-000 89147-999]""}"
296586,76,4209177,Jupiá,SC,,664255,jupia,BR-SC-Jupia,49,"{""postalCode_ranges"": ""[89839-000 89839-999]""}"
296773,76,4209201,Lacerdópolis,SC,LDP,1799404,lacerdopolis,BR-SC-Lacerdopolis,49,"{""postalCode_ranges"": ""[89660-000 89662-999]""}"
296771,76,4209300,Lages,SC,LGS,762009,lages,BR-SC-Lages,49,"{""postalCode_ranges"": ""[88500-001 88534-999]""}"
296721,76,4209409,Laguna,SC,LGA,1615291,laguna,BR-SC-Laguna,48,"{""postalCode_ranges"": ""[88790-000 88797-999]""}"
593770,76,4209458,Lajeado Grande,SC,,1784377,lajeado.grande,BR-SC-LajeadoGrande,49,"{""postalCode_ranges"": ""[89828-000 89829-999]""}"
296554,76,4209508,Laurentino,SC,LAU,1784534,laurentino,BR-SC-Laurentino,47,"{""postalCode_ranges"": ""[89170-000 89171-999]""}"
296699,76,4209607,Lauro Müller,SC,LML,651077,lauro.muller,BR-SC-LauroMuller,48,"{""postalCode_ranges"": ""[88880-000 88889-999]""}"
296616,76,4209706,Lebon Régis,SC,LNG,1799343,lebon.regis,BR-SC-LebonRegis,49,"{""postalCode_ranges"": ""[89515-000 89517-999]""}"
296536,76,4209805,Leoberto Leal,SC,LBL,1765068,leoberto.leal,BR-SC-LeobertoLeal,48,"{""postalCode_ranges"": ""[88445-000 88449-999]""}"
296735,76,4209854,Lindóia do Sul,SC,LDU,1757818,lindoia.sul,BR-SC-LindoiaSul,49,"{""postalCode_ranges"": ""[89735-000 89739-999]""}"
296523,76,4209904,Lontras,SC,LOS,1784684,lontras,BR-SC-Lontras,47,"{""postalCode_ranges"": ""[89182-000 89183-999]""}"
296592,76,4210001,Luiz Alves,SC,LZV,1784358,luiz.alves,BR-SC-LuizAlves,47,"{""postalCode_ranges"": ""[89128-000 89129-999]""}"
296648,76,4210035,Luzerna,SC,,1758351,luzerna,BR-SC-Luzerna,49,"{""postalCode_ranges"": ""[89609-000 89609-999]""}"
296555,76,4210050,Macieira,SC,,1815712,macieira,BR-SC-Macieira,49,"{""postalCode_ranges"": ""[89518-000 89519-999]""}"
296713,76,4210100,Mafra,SC,MFA,1020414,mafra,BR-SC-Mafra,47,"{""postalCode_ranges"": ""[89300-000 89339-999]""}"
296518,76,4210209,Major Gercino,SC,MJG,1765004,major.gercino,BR-SC-MajorGercino,48,"{""postalCode_ranges"": ""[88260-000 88269-999]""}"
296737,76,4210308,Major Vieira,SC,MJV,1799281,major.vieira,BR-SC-MajorVieira,47,"{""postalCode_ranges"": ""[89480-000 89489-999]""}"
296664,76,4210407,Maracajá,SC,MAJ,1799325,maracaja,BR-SC-Maracaja,48,"{""postalCode_ranges"": ""[88915-000 88919-999]""}"
296502,76,4210506,Maravilha,SC,MVH,1815756,maravilha,BR-SC-Maravilha,49,"{""postalCode_ranges"": ""[89874-000 89874-999]""}"
296534,76,4210555,Marema,SC,,1815686,marema,BR-SC-Marema,49,"{""postalCode_ranges"": ""[89860-000 89861-999]""}"
296563,76,4210605,Massaranduba,SC,MSB,980131,massaranduba,BR-SC-Massaranduba,47,"{""postalCode_ranges"": ""[89108-000 89109-999]""}"
296575,76,4210704,Matos Costa,SC,MSC,1784736,matos.costa,BR-SC-MatosCosta,49,"{""postalCode_ranges"": ""[89420-000 89429-999]""}"
296620,76,4210803,Meleiro,SC,MEI,1799434,meleiro,BR-SC-Meleiro,48,"{""postalCode_ranges"": ""[88920-000 88924-999]""}"
296727,76,4210852,Mirim Doce,SC,,1799318,mirim.doce,BR-SC-MirimDoce,47,"{""postalCode_ranges"": ""[89194-000 89195-999]""}"
296726,76,4210902,Modelo,SC,MDL,1796806,modelo,BR-SC-Modelo,49,"{""postalCode_ranges"": ""[89872-000 89872-999]""}"
296543,76,4211009,Mondaí,SC,MOI,1758042,mondai,BR-SC-Mondai,49,"{""postalCode_ranges"": ""[89893-000 89894-999]""}"
296749,76,4211058,Monte Carlo,SC,,1815693,monte.carlo,BR-SC-MonteCarlo,49,"{""postalCode_ranges"": ""[89618-000 89619-999]""}"
296756,76,4211108,Monte Castelo,SC,MOT,2011999,monte.castelo,BR-SC-MonteCastelo,47,"{""postalCode_ranges"": ""[89380-000 89399-999]""}"
296506,76,4211207,Morro da Fumaça,SC,MFU,1758949,morro.fumaca,BR-SC-MorroFumaca,48,"{""postalCode_ranges"": ""[88830-000 88839-999]""}"
296617,76,4211256,Morro Grande,SC,,1784594,morro.grande,BR-SC-MorroGrande,48,"{""postalCode_ranges"": ""[88925-000 88929-999]""}"
296609,76,4211306,Navegantes,SC,NVG,1010299,navegantes,BR-SC-Navegantes,47,"{""postalCode_ranges"": ""[88370-001 88379-999]""}"
296697,76,4211405,Nova Erechim,SC,NEM,955577,nova.erechim,BR-SC-NovaErechim,49,"{""postalCode_ranges"": ""[89865-000 89867-999]""}"
296630,76,4211454,Nova Itaberaba,SC,,1758973,nova.itaberaba,BR-SC-NovaItaberaba,49,"{""postalCode_ranges"": ""[89818-000 89818-999]""}"
296711,76,4211504,Nova Trento,SC,NVT,1637513,nova.trento,BR-SC-NovaTrento,48,"{""postalCode_ranges"": ""[88270-000 88294-999]""}"
296516,76,4211603,Nova Veneza,SC,NZA,961509,nova.veneza,BR-SC-NovaVeneza,48,"{""postalCode_ranges"": ""[88865-000 88869-999]""}"
296794,76,4211652,Novo Horizonte,SC,,926081,novo.horizonte,BR-SC-NovoHorizonte,49,"{""postalCode_ranges"": ""[89998-000 89999-999]""}"
296782,76,4211702,Orleans,SC,OLS,1784752,orleans,BR-SC-Orleans,48,"{""postalCode_ranges"": ""[88870-000 88879-999]""}"
296750,76,4211751,Otacílio Costa,SC,OTO,956998,otacilio.costa,BR-SC-OtacilioCosta,49,"{""postalCode_ranges"": ""[88540-000 88542-999]""}"
296732,76,4211801,Ouro,SC,OUR,1784491,ouro,BR-SC-Ouro,49,"{""postalCode_ranges"": ""[89663-000 89664-999]""}"
296581,76,4211850,Ouro Verde,SC,,1994858,ouro.verde,BR-SC-OuroVerde,49,"{""postalCode_ranges"": ""[89834-000 89834-999]""}"
296759,76,4211876,Paial,SC,,1758019,paial,BR-SC-Paial,49,"{""postalCode_ranges"": ""[89765-000 89769-999]""}"
296654,76,4211892,Painel,SC,,1764975,painel,BR-SC-Painel,49,"{""postalCode_ranges"": ""[88543-000 88544-999]""}"
296582,76,4211900,Palhoça,SC,PAC,973513,palhoca,BR-SC-Palhoca,48,"{""postalCode_ranges"": ""[88130-001 88139-999]""}"
296628,76,4212007,Palma Sola,SC,PMX,1799425,palma.sola,BR-SC-PalmaSola,49,"{""postalCode_ranges"": ""[89985-000 89989-999]""}"
296685,76,4212056,Palmeira,SC,,1784383,palmeira,BR-SC-Palmeira,49,"{""postalCode_ranges"": ""[88545-000 88547-999]""}"
296573,76,4212106,Palmitos,SC,PLI,588170,palmitos,BR-SC-Palmitos,49,"{""postalCode_ranges"": ""[89887-000 89887-999]""}"
296526,76,4212205,Papanduva,SC,PPV,1796797,papanduva,BR-SC-Papanduva,47,"{""postalCode_ranges"": ""[89370-000 89379-999]""}"
296587,76,4212239,Paraíso,SC,,428892,paraiso,BR-SC-Paraiso,49,"{""postalCode_ranges"": ""[89906-000 89907-999]""}"
296751,76,4212254,Passo de Torres,SC,,1799402,passo.torres,BR-SC-PassoTorres,48,"{""postalCode_ranges"": ""[88980-000 88989-999]""}"
296610,76,4212270,Passos Maia,SC,,1799357,passos.maia,BR-SC-PassosMaia,49,"{""postalCode_ranges"": ""[89687-000 89689-999]""}"
296636,76,4212304,Paulo Lopes,SC,PUL,1750773,paulo.lopes,BR-SC-PauloLopes,48,"{""postalCode_ranges"": ""[88490-000 88494-999]""}"
296769,76,4212403,Pedras Grandes,SC,PGK,1121962,pedras.grandes,BR-SC-PedrasGrandes,48,"{""postalCode_ranges"": ""[88720-000 88729-999]""}"
296549,76,4212502,Penha,SC,PEN,1784611,penha,BR-SC-Penha,47,"{""postalCode_ranges"": ""[88385-000 88389-999]""}"
296571,76,4212601,Peritiba,SC,PBY,1758031,peritiba,BR-SC-Peritiba,49,"{""postalCode_ranges"": ""[89750-000 89759-999]""}"
3059133,76,4212650,Pescaria Brava,SC,,3136609,pescaria.brava,BR-SC-PescariaBrava,48,"{""postalCode_ranges"": ""[88798-000 88799-999]""}"
296512,76,4212700,Petrolândia,SC,PXT,747168,petrolandia,BR-SC-Petrolandia,47,"{""postalCode_ranges"": ""[88430-000 88439-999]""}"
296718,76,4212809,Balneário Piçarras,SC,PCX,285815,balneario.picarras,BR-SC-BalnearioPicarras,47,"{""postalCode_ranges"": ""[88380-000 88384-999]""}"
296784,76,4212908,Pinhalzinho,SC,PZO,2011993,pinhalzinho,BR-SC-Pinhalzinho,49,"{""postalCode_ranges"": ""[89870-000 89870-999]""}"
296585,76,4213005,Pinheiro Preto,SC,PHP,1799392,pinheiro.preto,BR-SC-PinheiroPreto,49,"{""postalCode_ranges"": ""[89570-000 89579-999]""}"
296637,76,4213104,Piratuba,SC,PYB,952174,piratuba,BR-SC-Piratuba,49,"{""postalCode_ranges"": ""[89667-000 89668-999]""}"
296720,76,4213153,Planalto Alegre,SC,,1758995,planalto.alegre,BR-SC-PlanaltoAlegre,49,"{""postalCode_ranges"": ""[89882-000 89882-999]""}"
4271672,76,4213203,Pomerode,SC,POD,326651,pomerode,BR-SC-Pomerode,47,"{""postalCode_ranges"": ""[89107-000 89107-999]""}"
296704,76,4213302,Ponte Alta,SC,PEA,1764920,ponte.alta,BR-SC-PonteAlta,49,"{""postalCode_ranges"": ""[88550-000 88569-999]""}"
296731,76,4213351,Ponte Alta do Norte,SC,,1777271,ponte.alta.norte,BR-SC-PonteAltaNorte,49,"{""postalCode_ranges"": ""[89535-000 89539-999]""}"
296505,76,4213401,Ponte Serrada,SC,PSW,1784813,ponte.serrada,BR-SC-PonteSerrada,49,"{""postalCode_ranges"": ""[89683-000 89686-999]""}"
296565,76,4213500,Porto Belo,SC,PEL,1799285,porto.belo,BR-SC-PortoBelo,47,"{""postalCode_ranges"": ""[88210-000 88214-999]""}"
296677,76,4213609,Porto União,SC,PUN,1784679,porto.uniao,BR-SC-PortoUniao,42,"{""postalCode_ranges"": ""[89400-000 89419-999]""}"
296524,76,4213708,Pouso Redondo,SC,PUO,1796818,pouso.redondo,BR-SC-PousoRedondo,47,"{""postalCode_ranges"": ""[89172-000 89175-999]""}"
296783,76,4213807,Praia Grande,SC,PGD,1822575,praia.grande,BR-SC-PraiaGrande,48,"{""postalCode_ranges"": ""[88990-000 88999-999]""}"
296550,76,4213906,Presidente Castello Branco,SC,PCC,1815669,presidente.castello.branco,BR-SC-PresidenteCastelloBranco,49,"{""postalCode_ranges"": ""[89745-000 89749-999]""}"
296790,76,4214003,Presidente Getúlio,SC,PEU,1757828,presidente.getulio,BR-SC-PresidenteGetulio,47,"{""postalCode_ranges"": ""[89150-000 89154-999]""}"
296632,76,4214102,Presidente Nereu,SC,PSU,1799367,presidente.nereu,BR-SC-PresidenteNereu,47,"{""postalCode_ranges"": ""[89184-000 89185-999]""}"
296510,76,4214151,Princesa,SC,,960413,princesa,BR-SC-Princesa,49,"{""postalCode_ranges"": ""[89935-000 89939-999]""}"
296760,76,4214201,Quilombo,SC,QBO,2012005,quilombo,BR-SC-Quilombo,49,"{""postalCode_ranges"": ""[89850-000 89853-999]""}"
296594,76,4214300,Rancho Queimado,SC,RQO,1764967,rancho.queimado,BR-SC-RanchoQueimado,48,"{""postalCode_ranges"": ""[88470-000 88474-999]""}"
296520,76,4214409,Rio das Antas,SC,RDT,606838,rio.antas,BR-SC-RioAntas,49,"{""postalCode_ranges"": ""[89550-000 89557-999]""}"
296531,76,4214508,Rio do Campo,SC,RCP,1784673,rio.campo,BR-SC-RioCampo,47,"{""postalCode_ranges"": ""[89198-000 89198-999]""}"
4753715,76,4214607,Rio do Oeste,SC,RIO,775857,rio.oeste,BR-SC-RioOeste,47,"{""postalCode_ranges"": ""[89180-000 89181-999]""}"
296789,76,4214706,Rio dos Cedros,SC,RCD,1784005,rio.cedros,BR-SC-RioCedros,47,"{""postalCode_ranges"": ""[89121-000 89123-999]""}"
296719,76,4214805,Rio do Sul,SC,RSL,1784001,rio.sul,BR-SC-RioSul,47,"{""postalCode_ranges"": ""[89160-001 89169-999]""}"
296707,76,4214904,Rio Fortuna,SC,ROF,1765038,rio.fortuna,BR-SC-RioFortuna,48,"{""postalCode_ranges"": ""[88760-000 88762-999]""}"
296541,76,4215000,Rio Negrinho,SC,RIN,1784714,rio.negrinho,BR-SC-RioNegrinho,47,"{""postalCode_ranges"": ""[89295-000 89299-999]""}"
296675,76,4215059,Rio Rufino,SC,,1765047,rio.rufino,BR-SC-RioRufino,49,"{""postalCode_ranges"": ""[88658-000 88679-999]""}"
296558,76,4215075,Riqueza,SC,,691288,riqueza,BR-SC-Riqueza,49,"{""postalCode_ranges"": ""[89895-000 89895-999]""}"
296660,76,4215109,Rodeio,SC,ROD,2012010,rodeio,BR-SC-Rodeio,47,"{""postalCode_ranges"": ""[89136-000 89137-999]""}"
296680,76,4215208,Romelândia,SC,RMD,1757763,romelandia,BR-SC-Romelandia,49,"{""postalCode_ranges"": ""[89908-000 89908-999]""}"
296723,76,4215307,Salete,SC,SLW,1784692,salete,BR-SC-Salete,47,"{""postalCode_ranges"": ""[89196-000 89197-999]""}"
296775,76,4215356,Saltinho,SC,,2011982,saltinho,BR-SC-Saltinho,49,"{""postalCode_ranges"": ""[89981-000 89981-999]""}"
296689,76,4215406,Salto Veloso,SC,SVK,289981,salto.veloso,BR-SC-SaltoVeloso,49,"{""postalCode_ranges"": ""[89595-000 89599-999]""}"
296553,76,4215455,Sangão,SC,,945132,sangao,BR-SC-Sangao,48,"{""postalCode_ranges"": ""[88717-000 88719-999]""}"
296612,76,4215505,Santa Cecília,SC,SCC,931280,santa.cecilia,BR-SC-SantaCecilia,49,"{""postalCode_ranges"": ""[89540-000 89544-999]""}"
296556,76,4215554,Santa Helena,SC,,2020284,santa.helena,BR-SC-SantaHelena,49,"{""postalCode_ranges"": ""[89915-000 89919-999]""}"
296559,76,4215604,Santa Rosa de Lima,SC,SXY,706547,santa.rosa.lima,BR-SC-SantaRosaLima,48,"{""postalCode_ranges"": ""[88763-000 88764-999]""}"
296655,76,4215653,Santa Rosa do Sul,SC,SEQ,1799409,santa.rosa.sul,BR-SC-SantaRosaSul,48,"{""postalCode_ranges"": ""[88965-000 88969-999]""}"
296593,76,4215679,Santa Terezinha,SC,,2314224,santa.terezinha,BR-SC-SantaTerezinha,47,"{""postalCode_ranges"": ""[89199-000 89199-999]""}"
296535,76,4215687,Santa Terezinha do Progresso,SC,,1759023,santa.terezinha.progresso,BR-SC-SantaTerezinhaProgresso,49,"{""postalCode_ranges"": ""[89983-000 89984-999]""}"
296657,76,4215695,Santiago do Sul,SC,,1758231,santiago.sul,BR-SC-SantiagoSul,49,"{""postalCode_ranges"": ""[89854-000 89854-999]""}"
296642,76,4215703,Santo Amaro da Imperatriz,SC,SIZ,327210,santo.amaro.imperatriz,BR-SC-SantoAmaroImperatriz,48,"{""postalCode_ranges"": ""[88140-000 88149-999]""}"
296538,76,4215752,São Bernardino,SC,,1758962,sao.bernardino,BR-SC-SaoBernardino,49,"{""postalCode_ranges"": ""[89982-000 89982-999]""}"
296606,76,4215802,São Bento do Sul,SC,SBS,1765057,sao.bento.sul,BR-SC-SaoBentoSul,47,"{""postalCode_ranges"": ""[89280-001 89293-999]""}"
296529,76,4215901,São Bonifácio,SC,SBF,1784638,sao.bonifacio,BR-SC-SaoBonifacio,48,"{""postalCode_ranges"": ""[88485-000 88489-999]""}"
296533,76,4216008,São Carlos,SC,SRL,1815617,sao.carlos,BR-SC-SaoCarlos,49,"{""postalCode_ranges"": ""[89885-000 89885-999]""}"
296748,76,4216057,São Cristóvão do Sul,SC,,639952,sao.cristovao.sul,BR-SC-SaoCristovaoSul,49,"{""postalCode_ranges"": ""[89533-000 89534-999]""}"
296741,76,4216107,São Domingos,SC,SDX,617155,sao.domingos,BR-SC-SaoDomingos,49,"{""postalCode_ranges"": ""[89835-000 89836-999]""}"
296696,76,4216206,São Francisco do Sul,SC,SFS,986536,sao.francisco.sul,BR-SC-SaoFranciscoSul,47,"{""postalCode_ranges"": ""[89240-000 89244-999]""}"
296509,76,4216255,São João do Oeste,SC,,599623,sao.joao.oeste,BR-SC-SaoJoaoOeste,49,"{""postalCode_ranges"": ""[89897-000 89897-999]""}"
296567,76,4216305,São João Batista,SC,SJS,2023825,sao.joao.batista,BR-SC-SaoJoaoBatista,48,"{""postalCode_ranges"": ""[88240-000 88259-999]""}"
296644,76,4216354,São João do Itaperiú,SC,,1799384,sao.joao.itaperiu,BR-SC-SaoJoaoItaperiu,47,"{""postalCode_ranges"": ""[88395-000 88399-999]""}"
296706,76,4216404,São João do Sul,SC,SJL,1799427,sao.joao.sul,BR-SC-SaoJoaoSul,48,"{""postalCode_ranges"": ""[88970-000 88979-999]""}"
296551,76,4216503,São Joaquim,SC,SJQ,904782,sao.joaquim,BR-SC-SaoJoaquim,49,"{""postalCode_ranges"": ""[88600-000 88624-999]""}"
296626,76,4216602,São José,SC,SOO,173849,sao.jose,BR-SC-SaoJose,48,"{""postalCode_ranges"": ""[88100-001 88124-999]""}"
296717,76,4216701,São José do Cedro,SC,SSC,545508,sao.jose.cedro,BR-SC-SaoJoseCedro,49,"{""postalCode_ranges"": ""[89930-000 89934-999]""}"
296590,76,4216800,São José do Cerrito,SC,SJW,1764954,sao.jose.cerrito,BR-SC-SaoJoseCerrito,49,"{""postalCode_ranges"": ""[88570-000 88579-999]""}"
296774,76,4216909,São Lourenço do Oeste,SC,SNX,1759029,sao.lourenco.oeste,BR-SC-SaoLourencoOeste,49,"{""postalCode_ranges"": ""[89990-000 89997-999]""}"
296542,76,4217006,São Ludgero,SC,SGK,2662610,sao.ludgero,BR-SC-SaoLudgero,48,"{""postalCode_ranges"": ""[88730-000 88734-999]""}"
296763,76,4217105,São Martinho,SC,SRH,2065307,sao.martinho,BR-SC-SaoMartinho,48,"{""postalCode_ranges"": ""[88765-000 88769-999]""}"
296569,76,4217154,São Miguel da Boa Vista,SC,,1757994,sao.miguel.boa.vista,BR-SC-SaoMiguelBoaVista,49,"{""postalCode_ranges"": ""[89879-000 89879-999]""}"
296744,76,4217204,São Miguel do Oeste,SC,SGE,1757748,sao.miguel.oeste,BR-SC-SaoMiguelOeste,49,"{""postalCode_ranges"": ""[89900-000 89904-999]""}"
296766,76,4217253,São Pedro de Alcântara,SC,,1750756,sao.pedro.alcantara,BR-SC-SaoPedroAlcantara,48,"{""postalCode_ranges"": ""[88125-000 88129-999]""}"
296528,76,4217303,Saudades,SC,SUS,1757999,saudades,BR-SC-Saudades,49,"{""postalCode_ranges"": ""[89868-000 89869-999]""}"
296611,76,4217402,Schroeder,SC,SCH,398844,schroeder,BR-SC-Schroeder,47,"{""postalCode_ranges"": ""[89275-000 89277-999]""}"
296525,76,4217501,Seara,SC,SAR,1784472,seara,BR-SC-Seara,49,"{""postalCode_ranges"": ""[89770-000 89777-999]""}"
296557,76,4217550,Serra Alta,SC,SAQ,1757812,serra.alta,BR-SC-SerraAlta,49,"{""postalCode_ranges"": ""[89871-000 89871-999]""}"
296544,76,4217600,Siderópolis,SC,SIE,1759010,sideropolis,BR-SC-Sideropolis,48,"{""postalCode_ranges"": ""[88860-000 88861-999]""}"
296700,76,4217709,Sombrio,SC,SMO,1784827,sombrio,BR-SC-Sombrio,48,"{""postalCode_ranges"": ""[88960-000 88964-999]""}"
296634,76,4217758,Sul Brasil,SC,,549349,sul.brasil,BR-SC-SulBrasil,49,"{""postalCode_ranges"": ""[89855-000 89855-999]""}"
296757,76,4217808,Taió,SC,TAO,1759213,taio,BR-SC-Taio,47,"{""postalCode_ranges"": ""[89190-000 89193-999]""}"
-764217907,76,4217907,Tangará,SC,TAN,921105,tangara,BR-SC-Tangara,49,"{""postalCode_ranges"": ""[89642-000 89649-999]""}"
296656,76,4217956,Tigrinhos,SC,,1758053,tigrinhos,BR-SC-Tigrinhos,49,"{""postalCode_ranges"": ""[89875-000 89877-999]""}"
296598,76,4218004,Tijucas,SC,TIJ,951660,tijucas,BR-SC-Tijucas,48,"{""postalCode_ranges"": ""[88200-000 88209-999]""}"
296605,76,4218103,Timbé do Sul,SC,TIL,1799417,timbe.sul,BR-SC-TimbeSul,48,"{""postalCode_ranges"": ""[88940-000 88949-999]""}"
4082327,76,4218202,Timbó,SC,TIO,773783,timbo,BR-SC-Timbo,47,"{""postalCode_ranges"": ""[89120-000 89120-999]""}"
296701,76,4218251,Timbó Grande,SC,TOG,614626,timbo.grande,BR-SC-TimboGrande,49,"{""postalCode_ranges"": ""[89545-000 89549-999]""}"
-764218301,76,4218301,Três Barras,SC,TSB,1784369,tres.barras,BR-SC-TresBarras,47,"{""postalCode_ranges"": ""[89490-000 89499-999]""}"
-764218350,76,4218350,Treviso,SC,,1799332,treviso,BR-SC-Treviso,48,"{""postalCode_ranges"": ""[88862-000 88864-999]""}"
296633,76,4218400,Treze de Maio,SC,TZE,1764936,treze.maio,BR-SC-TrezeMaio,48,"{""postalCode_ranges"": ""[88710-000 88714-999]""}"
296778,76,4218509,Treze Tílias,SC,TZS,339414,treze.tilias,BR-SC-TrezeTilias,49,"{""postalCode_ranges"": ""[89650-000 89651-999]""}"
296631,76,4218608,Trombudo Central,SC,TBC,1784066,trombudo.central,BR-SC-TrombudoCentral,47,"{""postalCode_ranges"": ""[89176-000 89177-999]""}"
296517,76,4218707,Tubarão,SC,TRO,1815730,tubarao,BR-SC-Tubarao,48,"{""postalCode_ranges"": ""[88700-001 88709-999]""}"
296674,76,4218756,Tunápolis,SC,TNA,1758036,tunapolis,BR-SC-Tunapolis,49,"{""postalCode_ranges"": ""[89898-000 89898-999]""}"
296669,76,4218806,Turvo,SC,TVO,1833591,turvo,BR-SC-Turvo,48,"{""postalCode_ranges"": ""[88930-000 88934-999]""}"
296755,76,4218855,União do Oeste,SC,UOE,1758015,uniao.oeste,BR-SC-UniaoOeste,49,"{""postalCode_ranges"": ""[89845-000 89847-999]""}"
296623,76,4218905,Urubici,SC,UUI,1646925,urubici,BR-SC-Urubici,49,"{""postalCode_ranges"": ""[88650-000 88657-999]""}"
296715,76,4218954,Urupema,SC,URP,1765034,urupema,BR-SC-Urupema,49,"{""postalCode_ranges"": ""[88625-000 88639-999]""}"
-764219002,76,4219002,Urussanga,SC,UUG,1765078,urussanga,BR-SC-Urussanga,48,"{""postalCode_ranges"": ""[88840-000 88844-999]""}"
296683,76,4219101,Vargeão,SC,VGO,1758111,vargeao,BR-SC-Vargeao,49,"{""postalCode_ranges"": ""[89690-000 89693-999]""}"
-764219150,76,4219150,Vargem,SC,,2011987,vargem,BR-SC-Vargem,49,"{""postalCode_ranges"": ""[89638-000 89639-999]""}"
296562,76,4219176,Vargem Bonita,SC,,609989,vargem.bonita,BR-SC-VargemBonita,49,"{""postalCode_ranges"": ""[89675-000 89676-999]""}"
296687,76,4219200,Vidal Ramos,SC,VRM,1784642,vidal.ramos,BR-SC-VidalRamos,47,"{""postalCode_ranges"": ""[88443-000 88444-999]""}"
296682,76,4219309,Videira,SC,VII,1799400,videira,BR-SC-Videira,49,"{""postalCode_ranges"": ""[89560-000 89569-999]""}"
296762,76,4219358,Vitor Meireles,SC,VTM,1784631,vitor.meireles,BR-SC-VitorMeireles,47,"{""postalCode_ranges"": ""[89148-000 89149-999]""}"
296570,76,4219408,Witmarsum,SC,WUM,1000671,witmarsum,BR-SC-Witmarsum,47,"{""postalCode_ranges"": ""[89157-000 89159-999]""}"
-764219507,76,4219507,Xanxerê,SC,XXE,1758153,xanxere,BR-SC-Xanxere,49,"{""postalCode_ranges"": ""[89820-000 89823-999]""}"
296653,76,4219606,Xavantina,SC,XVA,923208,xavantina,BR-SC-Xavantina,49,"{""postalCode_ranges"": ""[89780-000 89789-999]""}"
296746,76,4219705,Xaxim,SC,XXM,1751322,xaxim,BR-SC-Xaxim,49,"{""postalCode_ranges"": ""[89825-000 89827-999]""}"
296662,76,4219853,Zortéa,SC,ZTA,1648503,zortea,BR-SC-Zortea,49,"{""postalCode_ranges"": ""[89633-000 89633-999]""}"
3059132,76,4220000,Balneário Rincão,SC,,2881477,balneario.rincao,BR-SC-BalnearioRincao,48,"{""postalCode_ranges"": ""[88828-000 88829-999]""}"
