osm_id,jurisd_base_id,jurisd_local_id,name,parent_abbrev,abbrev,wikidata_id,lexlabel,isolabel_ext,ddd,info
297753,76,4100103,Abatiá,PR,AAT,784855,abatia,BR-PR-Abatia,43,"{""postalCode_ranges"": ""[86460-000 86464-999]""}"
297737,76,4100202,Adrianópolis,PR,ADP,1779965,adrianopolis,BR-PR-Adrianopolis,41,"{""postalCode_ranges"": ""[83490-000 83499-999]""}"
297862,76,4100301,Agudos do Sul,PR,ADU,398170,agudos.sul,BR-PR-AgudosSul,41,"{""postalCode_ranges"": ""[83850-000 83859-999]""}"
297693,76,4100400,Almirante Tamandaré,PR,ATT,1650078,almirante.tamandare,BR-PR-AlmiranteTamandare,41,"{""postalCode_ranges"": ""[83500-001 83534-999]""}"
297754,76,4100459,Altamira do Paraná,PR,AMP,1804753,altamira.parana,BR-PR-AltamiraParana,44,"{""postalCode_ranges"": ""[85280-000 85299-999]""}"
297700,76,4100509,Altônia,PR,AOA,1805388,altonia,BR-PR-Altonia,44,"{""postalCode_ranges"": ""[87550-000 87554-999]""}"
297674,76,4100608,Alto Paraná,PR,APA,2075653,alto.parana,BR-PR-AltoParana,44,"{""postalCode_ranges"": ""[87750-000 87759-999]""}"
297571,76,4100707,Alto Piquiri,PR,ATQ,1804740,alto.piquiri,BR-PR-AltoPiquiri,44,"{""postalCode_ranges"": ""[87580-000 87594-999]""}"
297788,76,4100806,Alvorada do Sul,PR,AVL,1805380,alvorada.sul,BR-PR-AlvoradaSul,43,"{""postalCode_ranges"": ""[86150-000 86159-999]""}"
297623,76,4100905,Amaporã,PR,APX,1773369,amapora,BR-PR-Amapora,44,"{""postalCode_ranges"": ""[87850-000 87859-999]""}"
297650,76,4101002,Ampére,PR,,2004241,ampere,BR-PR-Ampere,46,"{""postalCode_ranges"": ""[85640-000 85649-999]""}"
297824,76,4101051,Anahy,PR,AAH,970744,anahy,BR-PR-Anahy,45,"{""postalCode_ranges"": ""[85425-000 85429-999]""}"
297576,76,4101101,Andirá,PR,AND,1804315,andira,BR-PR-Andira,43,"{""postalCode_ranges"": ""[86380-000 86384-999]""}"
297526,76,4101150,Ângulo,PR,AWG,1205078,angulo,BR-PR-Angulo,44,"{""postalCode_ranges"": ""[86755-000 86759-999]""}"
297714,76,4101200,Antonina,PR,AON,599068,antonina,BR-PR-Antonina,41,"{""postalCode_ranges"": ""[83370-000 83389-999]""}"
297675,76,4101309,Antônio Olinto,PR,AOL,1809601,antonio.olinto,BR-PR-AntonioOlinto,42,"{""postalCode_ranges"": ""[83980-000 83999-999]""}"
297505,76,4101408,Apucarana,PR,APU,1638385,apucarana,BR-PR-Apucarana,43,"{""postalCode_ranges"": ""[86800-001 86819-999]""}"
297713,76,4101507,Arapongas,PR,APS,1650073,arapongas,BR-PR-Arapongas,43,"{""postalCode_ranges"": ""[86700-001 86719-999]""}"
297480,76,4101606,Arapoti,PR,APO,1805391,arapoti,BR-PR-Arapoti,43,"{""postalCode_ranges"": ""[84990-000 84999-999]""}"
297556,76,4101655,Arapuã,PR,,1804297,arapua,BR-PR-Arapua,43,"{""postalCode_ranges"": ""[86884-000 86889-999]""}"
297616,76,4101705,Araruna,PR,AUN,2034168,araruna,BR-PR-Araruna,44,"{""postalCode_ranges"": ""[87260-000 87264-999]""}"
297778,76,4101804,Araucária,PR,AUC,1773313,araucaria,BR-PR-Araucaria,41,"{""postalCode_ranges"": ""[83700-001 83729-999]""}"
297563,76,4101853,Ariranha do Ivaí,PR,,958067,ariranha.ivai,BR-PR-AriranhaIvai,43,"{""postalCode_ranges"": ""[86880-000 86883-999]""}"
297580,76,4101903,Assaí,PR,ASS,2005491,assai,BR-PR-Assai,43,"{""postalCode_ranges"": ""[86220-000 86224-999]""}"
297855,76,4102000,Assis Chateaubriand,PR,ASD,383890,assis.chateaubriand,BR-PR-AssisChateaubriand,44,"{""postalCode_ranges"": ""[85935-000 85939-999]""}"
297655,76,4102109,Astorga,PR,ATG,2007427,astorga,BR-PR-Astorga,44,"{""postalCode_ranges"": ""[86730-000 86749-999]""}"
297718,76,4102208,Atalaia,PR,ALI,607931,atalaia,BR-PR-Atalaia,44,"{""postalCode_ranges"": ""[87630-000 87639-999]""}"
297609,76,4102307,Balsa Nova,PR,BLV,1804262,balsa.nova,BR-PR-BalsaNova,41,"{""postalCode_ranges"": ""[83650-000 83699-999]""}"
297472,76,4102406,Bandeirantes,PR,BNT,2064780,bandeirantes,BR-PR-Bandeirantes,43,"{""postalCode_ranges"": ""[86360-000 86369-999]""}"
297575,76,4102505,Barbosa Ferraz,PR,BBF,1773359,barbosa.ferraz,BR-PR-BarbosaFerraz,44,"{""postalCode_ranges"": ""[86960-000 86969-999]""}"
297622,76,4102604,Barracão,PR,BAC,628639,barracao,BR-PR-Barracao,46,"{""postalCode_ranges"": ""[85700-000 85707-999]""}"
297606,76,4102703,Barra do Jacaré,PR,BDJ,2005216,barra.jacare,BR-PR-BarraJacare,43,"{""postalCode_ranges"": ""[86385-000 86389-999]""}"
297816,76,4102752,Bela Vista da Caroba,PR,,1804834,bela.vista.caroba,BR-PR-BelaVistaCaroba,46,"{""postalCode_ranges"": ""[85745-000 85749-999]""}"
297586,76,4102802,Bela Vista do Paraíso,PR,BVP,1805395,bela.vista.paraiso,BR-PR-BelaVistaParaiso,43,"{""postalCode_ranges"": ""[86130-000 86139-999]""}"
297819,76,4102901,Bituruna,PR,BUU,1805140,bituruna,BR-PR-Bituruna,42,"{""postalCode_ranges"": ""[84640-000 84659-999]""}"
297614,76,4103008,Boa Esperança,PR,BOP,963673,boa.esperanca,BR-PR-BoaEsperanca,44,"{""postalCode_ranges"": ""[87390-000 87394-999]""}"
297654,76,4103024,Boa Esperança do Iguaçu,PR,BIG,1804747,boa.esperanca.iguacu,BR-PR-BoaEsperancaIguacu,46,"{""postalCode_ranges"": ""[85680-000 85684-999]""}"
297596,76,4103040,Boa Ventura de São Roque,PR,,1804766,boa.ventura.sao.roque,BR-PR-BoaVenturaSaoRoque,42,"{""postalCode_ranges"": ""[85225-000 85229-999]""}"
297474,76,4103057,Boa Vista da Aparecida,PR,BVC,1804828,boa.vista.aparecida,BR-PR-BoaVistaAparecida,45,"{""postalCode_ranges"": ""[85780-000 85789-999]""}"
297482,76,4103107,Bocaiúva do Sul,PR,BUV,1805304,bocaiuva.sul,BR-PR-BocaiuvaSul,41,"{""postalCode_ranges"": ""[83450-000 83479-999]""}"
297743,76,4103156,Bom Jesus do Sul,PR,,1998947,bom.jesus.sul,BR-PR-BomJesusSul,46,"{""postalCode_ranges"": ""[85708-000 85709-999]""}"
297528,76,4103206,Bom Sucesso,PR,BSU,2355826,bom.sucesso,BR-PR-BomSucesso,43,"{""postalCode_ranges"": ""[86940-000 86944-999]""}"
297591,76,4103222,Bom Sucesso do Sul,PR,BMC,2004481,bom.sucesso.sul,BR-PR-BomSucessoSul,46,"{""postalCode_ranges"": ""[85515-000 85519-999]""}"
297530,76,4103305,Borrazópolis,PR,BZI,1804272,borrazopolis,BR-PR-Borrazopolis,43,"{""postalCode_ranges"": ""[86925-000 86929-999]""}"
297786,76,4103354,Braganey,PR,BGY,676325,braganey,BR-PR-Braganey,45,"{""postalCode_ranges"": ""[85430-000 85439-999]""}"
297857,76,4103370,Brasilândia do Sul,PR,BWS,1804776,brasilandia.sul,BR-PR-BrasilandiaSul,44,"{""postalCode_ranges"": ""[87595-000 87599-999]""}"
297751,76,4103404,Cafeara,PR,CFE,1773377,cafeara,BR-PR-Cafeara,43,"{""postalCode_ranges"": ""[86640-000 86649-999]""}"
297627,76,4103453,Cafelândia,PR,CFW,2040790,cafelandia,BR-PR-Cafelandia,45,"{""postalCode_ranges"": ""[85415-000 85419-999]""}"
297784,76,4103479,Cafezal do Sul,PR,CFZ,2003753,cafezal.sul,BR-PR-CafezalSul,44,"{""postalCode_ranges"": ""[87565-000 87569-999]""}"
297709,76,4103503,Califórnia,PR,CFN,2077893,california,BR-PR-California,43,"{""postalCode_ranges"": ""[86820-000 86824-999]""}"
297500,76,4103602,Cambará,PR,CBR,2007353,cambara,BR-PR-Cambara,43,"{""postalCode_ranges"": ""[86390-000 86399-999]""}"
297708,76,4103701,Cambé,PR,CAB,1773340,cambe,BR-PR-Cambe,43,"{""postalCode_ranges"": ""[86180-001 86199-999]""}"
297729,76,4103800,Cambira,PR,CMB,509067,cambira,BR-PR-Cambira,43,"{""postalCode_ranges"": ""[86890-000 86894-999]""}"
297503,76,4103909,Campina da Lagoa,PR,,1804924,campina.lagoa,BR-PR-CampinaLagoa,44,"{""postalCode_ranges"": ""[87345-000 87354-999]""}"
297780,76,4103958,Campina do Simão,PR,,1804781,campina.simao,BR-PR-CampinaSimao,42,"{""postalCode_ranges"": ""[85148-000 85149-999]""}"
297633,76,4104006,Campina Grande do Sul,PR,CKG,1773372,campina.grande.sul,BR-PR-CampinaGrandeSul,41,"{""postalCode_ranges"": ""[83430-000 83449-999]""}"
297703,76,4104055,Campo Bonito,PR,KPB,2003671,campo.bonito,BR-PR-CampoBonito,45,"{""postalCode_ranges"": ""[85450-000 85459-999]""}"
297759,76,4104105,Campo do Tenente,PR,CXN,2007378,campo.tenente,BR-PR-CampoTenente,41,"{""postalCode_ranges"": ""[83870-000 83879-999]""}"
297764,76,4104204,Campo Largo,PR,CLG,1026376,campo.largo,BR-PR-CampoLargo,41,"{""postalCode_ranges"": ""[83600-001 83649-999]""}"
297781,76,4104253,Campo Magro,PR,,1804821,campo.magro,BR-PR-CampoMagro,41,"{""postalCode_ranges"": ""[83535-000 83539-999]""}"
297685,76,4104303,Campo Mourão,PR,CPM,1773327,campo.mourao,BR-PR-CampoMourao,44,"{""postalCode_ranges"": ""[87300-001 87319-999]""}"
297574,76,4104402,Cândido de Abreu,PR,CBY,1803993,candido.abreu,BR-PR-CandidoAbreu,43,"{""postalCode_ranges"": ""[84470-000 84499-999]""}"
297595,76,4104428,Candói,PR,,594784,candoi,BR-PR-Candoi,42,"{""postalCode_ranges"": ""[85140-000 85144-999]""}"
297470,76,4104451,Cantagalo,PR,KGL,2133488,cantagalo,BR-PR-Cantagalo,42,"{""postalCode_ranges"": ""[85160-000 85161-999]""}"
297559,76,4104501,Capanema,PR,CNM,2004588,capanema,BR-PR-Capanema,46,"{""postalCode_ranges"": ""[85760-000 85769-999]""}"
297676,76,4104600,Capitão Leônidas Marques,PR,CQS,1803932,capitao.leonidas.marques,BR-PR-CapitaoLeonidasMarques,45,"{""postalCode_ranges"": ""[85790-000 85794-999]""}"
297817,76,4104659,Carambeí,PR,CBQ,1803923,carambei,BR-PR-Carambei,42,"{""postalCode_ranges"": ""[84145-000 84149-999]""}"
297598,76,4104709,Carlópolis,PR,CLL,2005169,carlopolis,BR-PR-Carlopolis,43,"{""postalCode_ranges"": ""[86420-000 86429-999]""}"
297564,76,4104808,Cascavel,PR,CSC,205681,cascavel,BR-PR-Cascavel,45,"{""postalCode_ranges"": ""[85800-001 85824-999]""}"
297619,76,4104907,Castro,PR,CAT,2077411,castro,BR-PR-Castro,42,"{""postalCode_ranges"": ""[84160-001 84199-999]""}"
297856,76,4105003,Catanduvas,PR,CDV,528463,catanduvas,BR-PR-Catanduvas,45,"{""postalCode_ranges"": ""[85470-000 85477-999]""}"
297773,76,4105102,Centenário do Sul,PR,CUL,1775764,centenario.sul,BR-PR-CentenarioSul,43,"{""postalCode_ranges"": ""[86630-000 86634-999]""}"
297481,76,4105201,Cerro Azul,PR,CRZ,2201300,cerro.azul,BR-PR-CerroAzul,41,"{""postalCode_ranges"": ""[83570-000 83589-999]""}"
297850,76,4105300,Céu Azul,PR,CAZ,1804163,ceu.azul,BR-PR-CeuAzul,45,"{""postalCode_ranges"": ""[85840-000 85844-999]""}"
297697,76,4105409,Chopinzinho,PR,CHZ,972174,chopinzinho,BR-PR-Chopinzinho,46,"{""postalCode_ranges"": ""[85560-000 85564-999]""}"
297547,76,4105508,Cianorte,PR,CNE,1803580,cianorte,BR-PR-Cianorte,44,"{""postalCode_ranges"": ""[87200-001 87214-999]""}"
297716,76,4105607,Cidade Gaúcha,PR,CDH,2003747,cidade.gaucha,BR-PR-CidadeGaucha,44,"{""postalCode_ranges"": ""[87820-000 87829-999]""}"
297546,76,4105706,Clevelândia,PR,CLD,1773364,clevelandia,BR-PR-Clevelandia,46,"{""postalCode_ranges"": ""[85530-000 85539-999]""}"
297809,76,4105805,Colombo,PR,CBX,926688,colombo,BR-PR-Colombo,41,"{""postalCode_ranges"": ""[83400-001 83419-999]""}"
297853,76,4105904,Colorado,PR,CLO,2077965,colorado,BR-PR-Colorado,44,"{""postalCode_ranges"": ""[86690-000 86699-999]""}"
297566,76,4106001,Congonhinhas,PR,CGH,2007563,congonhinhas,BR-PR-Congonhinhas,43,"{""postalCode_ranges"": ""[86320-000 86329-999]""}"
297783,76,4106100,Conselheiro Mairinck,PR,CMK,582743,conselheiro.mairinck,BR-PR-ConselheiroMairinck,43,"{""postalCode_ranges"": ""[86480-000 86489-999]""}"
297507,76,4106209,Contenda,PR,CAK,2004462,contenda,BR-PR-Contenda,41,"{""postalCode_ranges"": ""[83730-000 83749-999]""}"
297767,76,4106308,Corbélia,PR,CBL,1804001,corbelia,BR-PR-Corbelia,45,"{""postalCode_ranges"": ""[85420-000 85422-999]""}"
297661,76,4106407,Cornélio Procópio,PR,CPP,2007572,cornelio.procopio,BR-PR-CornelioProcopio,43,"{""postalCode_ranges"": ""[86300-000 86309-999]""}"
297789,76,4106456,Coronel Domingos Soares,PR,CDF,2004227,coronel.domingos.soares,BR-PR-CoronelDomingosSoares,46,"{""postalCode_ranges"": ""[85557-000 85559-999]""}"
297750,76,4106506,Coronel Vivida,PR,CVV,1803573,coronel.vivida,BR-PR-CoronelVivida,46,"{""postalCode_ranges"": ""[85550-000 85554-999]""}"
297694,76,4106555,Corumbataí do Sul,PR,CTZ,1803915,corumbatai.sul,BR-PR-CorumbataiSul,44,"{""postalCode_ranges"": ""[86970-000 86974-999]""}"
297485,76,4106571,Cruzeiro do Iguaçu,PR,CZG,1804194,cruzeiro.iguacu,BR-PR-CruzeiroIguacu,46,"{""postalCode_ranges"": ""[85598-000 85599-999]""}"
297843,76,4106605,Cruzeiro do Oeste,PR,CZT,2003794,cruzeiro.oeste,BR-PR-CruzeiroOeste,44,"{""postalCode_ranges"": ""[87400-000 87429-999]""}"
297705,76,4106704,Cruzeiro do Sul,PR,CUZ,604656,cruzeiro.sul,BR-PR-CruzeiroSul,44,"{""postalCode_ranges"": ""[87650-000 87659-999]""}"
297529,76,4106803,Cruz Machado,PR,CZC,2004256,cruz.machado,BR-PR-CruzMachado,42,"{""postalCode_ranges"": ""[84620-000 84629-999]""}"
297793,76,4106852,Cruzmaltina,PR,,1803591,cruzmaltina,BR-PR-Cruzmaltina,43,"{""postalCode_ranges"": ""[86855-000 86859-999]""}"
297514,76,4106902,Curitiba,PR,CTA,4361,curitiba,BR-PR-Curitiba,41,"{""postalCode_ranges"": ""[80000-001 82999-999]""}"
297501,76,4107009,Curiúva,PR,CYV,2007405,curiuva,BR-PR-Curiuva,43,"{""postalCode_ranges"": ""[84280-000 84284-999]""}"
297808,76,4107108,Diamante do Norte,PR,DTT,1773337,diamante.norte,BR-PR-DiamanteNorte,44,"{""postalCode_ranges"": ""[87990-000 87999-999]""}"
297488,76,4107124,Diamante do Sul,PR,DSL,1803619,diamante.sul,BR-PR-DiamanteSul,45,"{""postalCode_ranges"": ""[85408-000 85409-999]""}"
297748,76,4107157,Diamante D'Oeste,PR,,1804009,diamante.oeste,BR-PR-DiamanteOeste,45,"{""postalCode_ranges"": ""[85896-000 85897-999]""}"
297671,76,4107207,Dois Vizinhos,PR,DVZ,1803648,dois.vizinhos,BR-PR-DoisVizinhos,46,"{""postalCode_ranges"": ""[85660-000 85669-999]""}"
297822,76,4107256,Douradina,PR,DUI,2472540,douradina,BR-PR-Douradina,44,"{""postalCode_ranges"": ""[87485-000 87489-999]""}"
297859,76,4107306,Doutor Camargo,PR,DRG,1773318,doutor.camargo,BR-PR-DoutorCamargo,44,"{""postalCode_ranges"": ""[87155-000 87159-999]""}"
297558,76,4107405,Enéas Marques,PR,EEQ,1804240,eneas.marques,BR-PR-EneasMarques,46,"{""postalCode_ranges"": ""[85630-000 85634-999]""}"
297766,76,4107504,Engenheiro Beltrão,PR,EBT,1803653,engenheiro.beltrao,BR-PR-EngenheiroBeltrao,44,"{""postalCode_ranges"": ""[87270-000 87279-999]""}"
297604,76,4107520,Esperança Nova,PR,,732793,esperanca.nova,BR-PR-EsperancaNova,44,"{""postalCode_ranges"": ""[87545-000 87549-999]""}"
297612,76,4107538,Entre Rios do Oeste,PR,ERO,1803939,entre.rios.oeste,BR-PR-EntreRiosOeste,45,"{""postalCode_ranges"": ""[85988-000 85989-999]""}"
297861,76,4107546,Espigão Alto do Iguaçu,PR,,1803585,espigao.alto.iguacu,BR-PR-EspigaoAltoIguacu,46,"{""postalCode_ranges"": ""[85465-000 85469-999]""}"
297779,76,4107553,Farol,PR,FAR,1803557,farol,BR-PR-Farol,44,"{""postalCode_ranges"": ""[87325-000 87329-999]""}"
297818,76,4107603,Faxinal,PR,FXL,2005159,faxinal,BR-PR-Faxinal,43,"{""postalCode_ranges"": ""[86840-000 86844-999]""}"
297811,76,4107652,Fazenda Rio Grande,PR,FZR,2004440,fazenda.rio.grande,BR-PR-FazendaRioGrande,41,"{""postalCode_ranges"": ""[83820-001 83839-999]""}"
297804,76,4107702,Fênix,PR,FNX,2064853,fenix,BR-PR-Fenix,44,"{""postalCode_ranges"": ""[86950-000 86959-999]""}"
297543,76,4107736,Fernandes Pinheiro,PR,,2004472,fernandes.pinheiro,BR-PR-FernandesPinheiro,42,"{""postalCode_ranges"": ""[84535-000 84549-999]""}"
297787,76,4107751,Figueira,PR,FGA,2029914,figueira,BR-PR-Figueira,43,"{""postalCode_ranges"": ""[84285-000 84289-999]""}"
297583,76,4107801,Floraí,PR,FLI,734222,florai,BR-PR-Florai,44,"{""postalCode_ranges"": ""[87185-000 87189-999]""}"
297814,76,4107850,Flor da Serra do Sul,PR,FSR,1773344,flor.serra.sul,BR-PR-FlorSerraSul,46,"{""postalCode_ranges"": ""[85618-000 85619-999]""}"
297602,76,4107900,Floresta,PR,,2007339,floresta,BR-PR-Floresta,44,"{""postalCode_ranges"": ""[87120-000 87129-999]""}"
297791,76,4108007,Florestópolis,PR,FOS,1863917,florestopolis,BR-PR-Florestopolis,43,"{""postalCode_ranges"": ""[86165-000 86169-999]""}"
297471,76,4108106,Flórida,PR,FLR,2077862,florida,BR-PR-Florida,44,"{""postalCode_ranges"": ""[86780-000 86789-999]""}"
297688,76,4108205,Formosa do Oeste,PR,FMS,1803593,formosa.oeste,BR-PR-FormosaOeste,44,"{""postalCode_ranges"": ""[85830-000 85832-999]""}"
297473,76,4108304,Foz do Iguaçu,PR,FOZ,202316,foz.iguacu,BR-PR-FozIguacu,45,"{""postalCode_ranges"": ""[85850-001 85874-999]""}"
297467,76,4108320,Francisco Alves,PR,FRV,1804212,francisco.alves,BR-PR-FranciscoAlves,44,"{""postalCode_ranges"": ""[87570-000 87579-999]""}"
297492,76,4108403,Francisco Beltrão,PR,FNB,985577,francisco.beltrao,BR-PR-FranciscoBeltrao,46,"{""postalCode_ranges"": ""[85600-001 85609-999]""}"
297747,76,4108452,Foz do Jordão,PR,,1804288,foz.jordao,BR-PR-FozJordao,42,"{""postalCode_ranges"": ""[85145-000 85147-999]""}"
297739,76,4108502,General Carneiro,PR,GNC,785711,general.carneiro,BR-PR-GeneralCarneiro,42,"{""postalCode_ranges"": ""[84660-000 84899-999]""}"
297590,76,4108551,Godoy Moreira,PR,GDM,1804247,godoy.moreira,BR-PR-GodoyMoreira,43,"{""postalCode_ranges"": ""[86938-000 86939-999]""}"
297758,76,4108601,Goioerê,PR,GRE,1780032,goioere,BR-PR-Goioere,44,"{""postalCode_ranges"": ""[87360-000 87364-999]""}"
297732,76,4108650,Goioxim,PR,,1803874,goioxim,BR-PR-Goioxim,42,"{""postalCode_ranges"": ""[85162-000 85167-999]""}"
297757,76,4108700,Grandes Rios,PR,GDE,1803568,grandes.rios,BR-PR-GrandesRios,43,"{""postalCode_ranges"": ""[86845-000 86847-999]""}"
297603,76,4108809,Guaíra,PR,GIA,2004082,guaira,BR-PR-Guaira,44,"{""postalCode_ranges"": ""[85980-000 85987-999]""}"
297570,76,4108908,Guairaçá,PR,GRC,1804280,guairaca,BR-PR-Guairaca,44,"{""postalCode_ranges"": ""[87880-000 87889-999]""}"
297836,76,4108957,Guamiranga,PR,,2004248,guamiranga,BR-PR-Guamiranga,42,"{""postalCode_ranges"": ""[84435-000 84449-999]""}"
297469,76,4109005,Guapirama,PR,GPM,1008311,guapirama,BR-PR-Guapirama,43,"{""postalCode_ranges"": ""[86465-000 86469-999]""}"
297630,76,4109104,Guaporema,PR,GAE,779633,guaporema,BR-PR-Guaporema,44,"{""postalCode_ranges"": ""[87810-000 87819-999]""}"
297749,76,4109203,Guaraci,PR,GUC,744471,guaraci,BR-PR-Guaraci,43,"{""postalCode_ranges"": ""[86620-000 86629-999]""}"
297581,76,4109302,Guaraniaçu,PR,GNU,1803606,guaraniacu,BR-PR-Guaraniacu,45,"{""postalCode_ranges"": ""[85400-000 85407-999]""}"
297846,76,4109401,Guarapuava,PR,GRP,326354,guarapuava,BR-PR-Guarapuava,42,"{""postalCode_ranges"": ""[85000-001 85139-999]""}"
297646,76,4109500,Guaraqueçaba,PR,GQB,374648,guaraquecaba,BR-PR-Guaraquecaba,41,"{""postalCode_ranges"": ""[83390-000 83399-999]""}"
297484,76,4109609,Guaratuba,PR,GRU,1779983,guaratuba,BR-PR-Guaratuba,41,"{""postalCode_ranges"": ""[83280-000 83299-999]""}"
297733,76,4109658,Honório Serpa,PR,,687445,honorio.serpa,BR-PR-HonorioSerpa,46,"{""postalCode_ranges"": ""[85548-000 85549-999]""}"
297629,76,4109708,Ibaiti,PR,IBT,2005227,ibaiti,BR-PR-Ibaiti,43,"{""postalCode_ranges"": ""[84900-000 84919-999]""}"
297560,76,4109757,Ibema,PR,IBF,1804322,ibema,BR-PR-Ibema,45,"{""postalCode_ranges"": ""[85478-000 85484-999]""}"
297680,76,4109807,Ibiporã,PR,IOR,2006392,ibipora,BR-PR-Ibipora,43,"{""postalCode_ranges"": ""[86200-000 86209-999]""}"
297864,76,4109906,Icaraíma,PR,ICM,1972297,icaraima,BR-PR-Icaraima,44,"{""postalCode_ranges"": ""[87530-000 87534-999]""}"
297567,76,4110003,Iguaraçu,PR,ICW,672863,iguaracu,BR-PR-Iguaracu,44,"{""postalCode_ranges"": ""[86750-000 86754-999]""}"
297690,76,4110052,Iguatu,PR,IWU,2322834,iguatu,BR-PR-Iguatu,45,"{""postalCode_ranges"": ""[85423-000 85424-999]""}"
297466,76,4110078,Imbaú,PR,IZU,2097856,imbau,BR-PR-Imbau,42,"{""postalCode_ranges"": ""[84250-000 84259-999]""}"
297562,76,4110102,Imbituva,PR,IUV,2004428,imbituva,BR-PR-Imbituva,42,"{""postalCode_ranges"": ""[84430-000 84434-999]""}"
297648,76,4110201,Inácio Martins,PR,INM,1804176,inacio.martins,BR-PR-InacioMartins,42,"{""postalCode_ranges"": ""[85155-000 85159-999]""}"
297745,76,4110300,Inajá,PR,IAJ,2065963,inaja,BR-PR-Inaja,44,"{""postalCode_ranges"": ""[87670-000 87679-999]""}"
297717,76,4110409,Indianópolis,PR,IDS,2050304,indianopolis,BR-PR-Indianopolis,44,"{""postalCode_ranges"": ""[87235-000 87239-999]""}"
297641,76,4110508,Ipiranga,PR,IYA,2064845,ipiranga,BR-PR-Ipiranga,42,"{""postalCode_ranges"": ""[84450-000 84459-999]""}"
297831,76,4110607,Iporã,PR,IPO,2027403,ipora,BR-PR-Ipora,44,"{""postalCode_ranges"": ""[87560-000 87564-999]""}"
297807,76,4110656,Iracema do Oeste,PR,IOE,587203,iracema.oeste,BR-PR-IracemaOeste,44,"{""postalCode_ranges"": ""[85833-000 85834-999]""}"
297724,76,4110706,Irati,PR,IRI,2064763,irati,BR-PR-Irati,42,"{""postalCode_ranges"": ""[84500-000 84529-999]""}"
297517,76,4110805,Iretama,PR,IET,1804230,iretama,BR-PR-Iretama,44,"{""postalCode_ranges"": ""[87280-000 87289-999]""}"
297621,76,4110904,Itaguajé,PR,IUJ,1775800,itaguaje,BR-PR-Itaguaje,44,"{""postalCode_ranges"": ""[86670-000 86679-999]""}"
297858,76,4110953,Itaipulândia,PR,IIL,1803946,itaipulandia,BR-PR-Itaipulandia,45,"{""postalCode_ranges"": ""[85880-000 85883-999]""}"
297538,76,4111001,Itambaracá,PR,IMB,2007594,itambaraca,BR-PR-Itambaraca,43,"{""postalCode_ranges"": ""[86375-000 86379-999]""}"
297524,76,4111100,Itambé,PR,IME,2283708,itambe,BR-PR-Itambe,44,"{""postalCode_ranges"": ""[87175-000 87179-999]""}"
297777,76,4111209,Itapejara d'Oeste,PR,,2004451,itapejara.oeste,BR-PR-ItapejaraOeste,46,"{""postalCode_ranges"": ""[85580-000 85584-999]""}"
297632,76,4111258,Itaperuçu,PR,,2004535,itaperucu,BR-PR-Itaperucu,41,"{""postalCode_ranges"": ""[83560-000 83569-999]""}"
297532,76,4111308,Itaúna do Sul,PR,IAS,1803867,itauna.sul,BR-PR-ItaunaSul,44,"{""postalCode_ranges"": ""[87980-000 87989-999]""}"
297746,76,4111407,Ivaí,PR,IVY,2004234,ivai,BR-PR-Ivai,42,"{""postalCode_ranges"": ""[84460-000 84469-999]""}"
297483,76,4111506,Ivaiporã,PR,IVP,652176,ivaipora,BR-PR-Ivaipora,43,"{""postalCode_ranges"": ""[86870-000 86879-999]""}"
297657,76,4111555,Ivaté,PR,IVT,2003741,ivate,BR-PR-Ivate,44,"{""postalCode_ranges"": ""[87525-000 87527-999]""}"
297476,76,4111605,Ivatuba,PR,IVB,628412,ivatuba,BR-PR-Ivatuba,44,"{""postalCode_ranges"": ""[87130-000 87139-999]""}"
297803,76,4111704,Jaboti,PR,JOI,2007454,jaboti,BR-PR-Jaboti,43,"{""postalCode_ranges"": ""[84930-000 84934-999]""}"
297731,76,4111803,Jacarezinho,PR,JZO,1814491,jacarezinho,BR-PR-Jacarezinho,43,"{""postalCode_ranges"": ""[86400-000 86409-999]""}"
297806,76,4111902,Jaguapitã,PR,JGP,1775783,jaguapita,BR-PR-Jaguapita,43,"{""postalCode_ranges"": ""[86610-000 86612-999]""}"
297736,76,4112009,Jaguariaíva,PR,JIV,1803599,jaguariaiva,BR-PR-Jaguariaiva,43,"{""postalCode_ranges"": ""[84200-000 84219-999]""}"
297760,76,4112108,Jandaia do Sul,PR,JDS,1779910,jandaia.sul,BR-PR-JandaiaSul,43,"{""postalCode_ranges"": ""[86900-000 86909-999]""}"
297838,76,4112207,Janiópolis,PR,JNS,1803564,janiopolis,BR-PR-Janiopolis,44,"{""postalCode_ranges"": ""[87380-000 87389-999]""}"
297774,76,4112306,Japira,PR,JAR,2011680,japira,BR-PR-Japira,43,"{""postalCode_ranges"": ""[84920-000 84924-999]""}"
297835,76,4112405,Japurá,PR,JUR,2104210,japura,BR-PR-Japura,44,"{""postalCode_ranges"": ""[87225-000 87229-999]""}"
297702,76,4112504,Jardim Alegre,PR,JDG,1804185,jardim.alegre,BR-PR-JardimAlegre,43,"{""postalCode_ranges"": ""[86860-000 86864-999]""}"
297738,76,4112603,Jardim Olinda,PR,JOL,1803889,jardim.olinda,BR-PR-JardimOlinda,44,"{""postalCode_ranges"": ""[87690-000 87699-999]""}"
297744,76,4112702,Jataizinho,PR,JZN,2004546,jataizinho,BR-PR-Jataizinho,43,"{""postalCode_ranges"": ""[86210-000 86219-999]""}"
297569,76,4112751,Jesuítas,PR,,2064891,jesuitas,BR-PR-Jesuitas,44,"{""postalCode_ranges"": ""[85835-000 85839-999]""}"
297863,76,4112801,Joaquim Távora,PR,JQA,2005178,joaquim.tavora,BR-PR-JoaquimTavora,43,"{""postalCode_ranges"": ""[86455-000 86459-999]""}"
297728,76,4112900,Jundiaí do Sul,PR,JUL,765253,jundiai.sul,BR-PR-JundiaiSul,43,"{""postalCode_ranges"": ""[86470-000 86479-999]""}"
297644,76,4112959,Juranda,PR,JRN,1803956,juranda,BR-PR-Juranda,44,"{""postalCode_ranges"": ""[87355-000 87359-999]""}"
297557,76,4113007,Jussara,PR,JSA,1025757,jussara,BR-PR-Jussara,44,"{""postalCode_ranges"": ""[87230-000 87234-999]""}"
297561,76,4113106,Kaloré,PR,KLE,1775827,kalore,BR-PR-Kalore,43,"{""postalCode_ranges"": ""[86920-000 86924-999]""}"
297479,76,4113205,Lapa,PR,LPA,2064788,lapa,BR-PR-Lapa,41,"{""postalCode_ranges"": ""[83750-000 83799-999]""}"
297711,76,4113254,Laranjal,PR,,2237581,laranjal,BR-PR-Laranjal,42,"{""postalCode_ranges"": ""[85275-000 85279-999]""}"
297684,76,4113304,Laranjeiras do Sul,PR,LJS,1803900,laranjeiras.sul,BR-PR-LaranjeirasSul,42,"{""postalCode_ranges"": ""[85300-001 85339-999]""}"
297660,76,4113403,Leópolis,PR,LLS,978473,leopolis,BR-PR-Leopolis,43,"{""postalCode_ranges"": ""[86330-000 86339-999]""}"
297504,76,4113429,Lidianópolis,PR,LDN,1803623,lidianopolis,BR-PR-Lidianopolis,43,"{""postalCode_ranges"": ""[86865-000 86869-999]""}"
297800,76,4113452,Lindoeste,PR,LDE,1804201,lindoeste,BR-PR-Lindoeste,45,"{""postalCode_ranges"": ""[85826-000 85829-999]""}"
297775,76,4113502,Loanda,PR,LND,1804157,loanda,BR-PR-Loanda,44,"{""postalCode_ranges"": ""[87900-000 87909-999]""}"
297555,76,4113601,Lobato,PR,LBO,303107,lobato,BR-PR-Lobato,44,"{""postalCode_ranges"": ""[86790-000 86799-999]""}"
297756,76,4113700,Londrina,PR,LDA,192387,londrina,BR-PR-Londrina,43,"{""postalCode_ranges"": ""[86000-001 86124-999]""}"
297776,76,4113734,Luiziana,PR,LZI,1804169,luiziana,BR-PR-Luiziana,44,"{""postalCode_ranges"": ""[87290-000 87299-999]""}"
297712,76,4113759,Lunardelli,PR,LUD,1804254,lunardelli,BR-PR-Lunardelli,43,"{""postalCode_ranges"": ""[86935-000 86937-999]""}"
297548,76,4113809,Lupionópolis,PR,LPP,1773309,lupionopolis,BR-PR-Lupionopolis,43,"{""postalCode_ranges"": ""[86635-000 86639-999]""}"
297668,76,4113908,Mallet,PR,MLL,741333,mallet,BR-PR-Mallet,42,"{""postalCode_ranges"": ""[84570-000 84599-999]""}"
297475,76,4114005,Mamborê,PR,MMR,1803549,mambore,BR-PR-Mambore,44,"{""postalCode_ranges"": ""[87340-000 87344-999]""}"
297649,76,4114104,Mandaguaçu,PR,MGC,675706,mandaguacu,BR-PR-Mandaguacu,44,"{""postalCode_ranges"": ""[87160-000 87169-999]""}"
297494,76,4114203,Mandaguari,PR,MDG,1803633,mandaguari,BR-PR-Mandaguari,44,"{""postalCode_ranges"": ""[86975-000 86989-999]""}"
297516,76,4114302,Mandirituba,PR,MDT,2004489,mandirituba,BR-PR-Mandirituba,41,"{""postalCode_ranges"": ""[83800-000 83819-999]""}"
297544,76,4114351,Manfrinópolis,PR,,1803860,manfrinopolis,BR-PR-Manfrinopolis,46,"{""postalCode_ranges"": ""[85628-000 85629-999]""}"
297568,76,4114401,Mangueirinha,PR,MUH,1992575,mangueirinha,BR-PR-Mangueirinha,46,"{""postalCode_ranges"": ""[85540-000 85547-999]""}"
297656,76,4114500,Manoel Ribas,PR,MNR,1803614,manoel.ribas,BR-PR-ManoelRibas,43,"{""postalCode_ranges"": ""[85260-000 85269-999]""}"
297687,76,4114609,Marechal Cândido Rondon,PR,MRH,2003833,marechal.candido.rondon,BR-PR-MarechalCandidoRondon,45,"{""postalCode_ranges"": ""[85960-000 85979-999]""}"
297584,76,4114708,Maria Helena,PR,MHE,2003784,maria.helena,BR-PR-MariaHelena,44,"{""postalCode_ranges"": ""[87480-000 87484-999]""}"
297506,76,4114807,Marialva,PR,MRV,1003473,marialva,BR-PR-Marialva,44,"{""postalCode_ranges"": ""[86990-000 86999-999]""}"
297768,76,4114906,Marilândia do Sul,PR,MLA,1779883,marilandia.sul,BR-PR-MarilandiaSul,43,"{""postalCode_ranges"": ""[86825-000 86827-999]""}"
297845,76,4115002,Marilena,PR,MLN,2064871,marilena,BR-PR-Marilena,44,"{""postalCode_ranges"": ""[87960-000 87969-999]""}"
297613,76,4115101,Mariluz,PR,MLZ,2003711,mariluz,BR-PR-Mariluz,44,"{""postalCode_ranges"": ""[87470-000 87479-999]""}"
297521,76,4115200,Maringá,PR,MGA,208669,maringa,BR-PR-Maringa,44,"{""postalCode_ranges"": ""[87000-001 87109-999]""}"
297535,76,4115309,Mariópolis,PR,MAP,1803821,mariopolis,BR-PR-Mariopolis,46,"{""postalCode_ranges"": ""[85525-000 85529-999]""}"
297734,76,4115358,Maripá,PR,MWR,1803540,maripa,BR-PR-Maripa,44,"{""postalCode_ranges"": ""[85955-000 85959-999]""}"
297515,76,4115408,Marmeleiro,PR,MLE,1773350,marmeleiro,BR-PR-Marmeleiro,46,"{""postalCode_ranges"": ""[85615-000 85617-999]""}"
297493,76,4115457,Marquinho,PR,,1803569,marquinho,BR-PR-Marquinho,42,"{""postalCode_ranges"": ""[85168-000 85169-999]""}"
297841,76,4115507,Marumbi,PR,MRB,1803525,marumbi,BR-PR-Marumbi,43,"{""postalCode_ranges"": ""[86910-000 86919-999]""}"
297844,76,4115606,Matelândia,PR,MTD,1803927,matelandia,BR-PR-Matelandia,45,"{""postalCode_ranges"": ""[85887-000 85887-999]""}"
297610,76,4115705,Matinhos,PR,MOS,206105,matinhos,BR-PR-Matinhos,41,"{""postalCode_ranges"": ""[83260-000 83279-999]""}"
297830,76,4115739,Mato Rico,PR,,1803881,mato.rico,BR-PR-MatoRico,42,"{""postalCode_ranges"": ""[85240-000 85249-999]""}"
297508,76,4115754,Mauá da Serra,PR,MQS,1779945,maua.serra,BR-PR-MauaSerra,43,"{""postalCode_ranges"": ""[86828-000 86829-999]""}"
297605,76,4115804,Medianeira,PR,MDN,375318,medianeira,BR-PR-Medianeira,45,"{""postalCode_ranges"": ""[85884-000 85884-999]""}"
297785,76,4115853,Mercedes,PR,MCK,957375,mercedes,BR-PR-Mercedes,45,"{""postalCode_ranges"": ""[85998-000 85999-999]""}"
297486,76,4115903,Mirador,PR,MYR,930390,mirador,BR-PR-Mirador,44,"{""postalCode_ranges"": ""[87840-000 87849-999]""}"
297601,76,4116000,Miraselva,PR,MIV,1113191,miraselva,BR-PR-Miraselva,43,"{""postalCode_ranges"": ""[86615-000 86617-999]""}"
297848,76,4116059,Missal,PR,MLW,2004121,missal,BR-PR-Missal,45,"{""postalCode_ranges"": ""[85890-000 85891-999]""}"
297635,76,4116109,Moreira Sales,PR,MSL,2005476,moreira.sales,BR-PR-MoreiraSales,44,"{""postalCode_ranges"": ""[87370-000 87379-999]""}"
297512,76,4116208,Morretes,PR,MES,781087,morretes,BR-PR-Morretes,41,"{""postalCode_ranges"": ""[83350-000 83369-999]""}"
297827,76,4116307,Munhoz de Melo,PR,MHZ,1775819,munhoz.melo,BR-PR-MunhozMelo,44,"{""postalCode_ranges"": ""[86760-000 86769-999]""}"
297537,76,4116406,Nossa Senhora das Graças,PR,NSG,2139450,nossa.senhora.gracas,BR-PR-NossaSenhoraGracas,44,"{""postalCode_ranges"": ""[86680-000 86689-999]""}"
297854,76,4116505,Nova Aliança do Ivaí,PR,NIV,2004065,nova.alianca.ivai,BR-PR-NovaAliancaIvai,44,"{""postalCode_ranges"": ""[87790-000 87799-999]""}"
297549,76,4116604,Nova América da Colina,PR,NMD,2007583,nova.america.colina,BR-PR-NovaAmericaColina,43,"{""postalCode_ranges"": ""[86230-000 86239-999]""}"
297489,76,4116703,Nova Aurora,PR,NAA,2283757,nova.aurora,BR-PR-NovaAurora,45,"{""postalCode_ranges"": ""[85410-000 85414-999]""}"
297550,76,4116802,Nova Cantu,PR,NVU,2004555,nova.cantu,BR-PR-NovaCantu,44,"{""postalCode_ranges"": ""[87330-000 87339-999]""}"
297647,76,4116901,Nova Esperança,PR,NEA,936233,nova.esperanca,BR-PR-NovaEsperanca,44,"{""postalCode_ranges"": ""[87600-000 87629-999]""}"
297682,76,4116950,Nova Esperança do Sudoeste,PR,NED,518649,nova.esperanca.sudoeste,BR-PR-NovaEsperancaSudoeste,46,"{""postalCode_ranges"": ""[85635-000 85639-999]""}"
297578,76,4117008,Nova Fátima,PR,NFA,2472564,nova.fatima,BR-PR-NovaFatima,43,"{""postalCode_ranges"": ""[86310-000 86314-999]""}"
297695,76,4117057,Nova Laranjeiras,PR,NLJ,1804305,nova.laranjeiras,BR-PR-NovaLaranjeiras,42,"{""postalCode_ranges"": ""[85350-000 85389-999]""}"
297701,76,4117107,Nova Londrina,PR,NLD,2004101,nova.londrina,BR-PR-NovaLondrina,44,"{""postalCode_ranges"": ""[87970-000 87979-999]""}"
297490,76,4117206,Nova Olímpia,PR,NLM,2355791,nova.olimpia,BR-PR-NovaOlimpia,44,"{""postalCode_ranges"": ""[87490-000 87499-999]""}"
297487,76,4117214,Nova Santa Bárbara,PR,NSB,2005130,nova.santa.barbara,BR-PR-NovaSantaBarbara,43,"{""postalCode_ranges"": ""[86250-000 86269-999]""}"
297837,76,4117222,Nova Santa Rosa,PR,NSR,1803534,nova.santa.rosa,BR-PR-NovaSantaRosa,45,"{""postalCode_ranges"": ""[85930-000 85932-999]""}"
297826,76,4117255,Nova Prata do Iguaçu,PR,NPI,1803517,nova.prata.iguacu,BR-PR-NovaPrataIguacu,46,"{""postalCode_ranges"": ""[85685-000 85699-999]""}"
297577,76,4117271,Nova Tebas,PR,NTS,1803571,nova.tebas,BR-PR-NovaTebas,42,"{""postalCode_ranges"": ""[85250-000 85259-999]""}"
297752,76,4117297,Novo Itacolomi,PR,NIT,1779892,novo.itacolomi,BR-PR-NovoItacolomi,43,"{""postalCode_ranges"": ""[86895-000 86899-999]""}"
297658,76,4117305,Ortigueira,PR,ORG,2063986,ortigueira,BR-PR-Ortigueira,42,"{""postalCode_ranges"": ""[84350-000 84399-999]""}"
297511,76,4117404,Ourizona,PR,OUZ,952277,ourizona,BR-PR-Ourizona,44,"{""postalCode_ranges"": ""[87170-000 87174-999]""}"
297725,76,4117453,Ouro Verde do Oeste,PR,OVO,1803907,ouro.verde.oeste,BR-PR-OuroVerdeOeste,45,"{""postalCode_ranges"": ""[85933-000 85934-999]""}"
297513,76,4117503,Paiçandu,PR,PNU,2005187,paicandu,BR-PR-Paicandu,44,"{""postalCode_ranges"": ""[87140-000 87154-999]""}"
297659,76,4117602,Palmas,PR,PLM,928397,palmas,BR-PR-Palmas,46,"{""postalCode_ranges"": ""[85555-000 85556-999]""}"
297696,76,4117701,Palmeira,PR,PEI,2039438,palmeira,BR-PR-Palmeira,42,"{""postalCode_ranges"": ""[84130-000 84139-999]""}"
297771,76,4117800,Palmital,PR,PML,2355843,palmital,BR-PR-Palmital,42,"{""postalCode_ranges"": ""[85270-000 85274-999]""}"
297509,76,4117909,Palotina,PR,POT,949670,palotina,BR-PR-Palotina,44,"{""postalCode_ranges"": ""[85950-000 85954-999]""}"
297662,76,4118006,Paraíso do Norte,PR,PIO,2003802,paraiso.norte,BR-PR-ParaisoNorte,44,"{""postalCode_ranges"": ""[87780-000 87789-999]""}"
297631,76,4118105,Paranacity,PR,PIY,592011,paranacity,BR-PR-Paranacity,44,"{""postalCode_ranges"": ""[87660-000 87669-999]""}"
297491,76,4118204,Paranaguá,PR,PNG,503852,paranagua,BR-PR-Paranagua,41,"{""postalCode_ranges"": ""[83200-001 83254-999]""}"
297772,76,4118303,Paranapoema,PR,PPX,2004112,paranapoema,BR-PR-Paranapoema,44,"{""postalCode_ranges"": ""[87680-000 87689-999]""}"
297761,76,4118402,Paranavaí,PR,PVA,1773355,paranavai,BR-PR-Paranavai,44,"{""postalCode_ranges"": ""[87700-001 87729-999]""}"
297642,76,4118451,Pato Bragado,PR,PBX,1803627,pato.bragado,BR-PR-PatoBragado,45,"{""postalCode_ranges"": ""[85948-000 85949-999]""}"
297599,76,4118501,Pato Branco,PR,PBC,1772650,pato.branco,BR-PR-PatoBranco,46,"{""postalCode_ranges"": ""[85500-001 85514-999]""}"
297638,76,4118600,Paula Freitas,PR,PUF,1803769,paula.freitas,BR-PR-PaulaFreitas,42,"{""postalCode_ranges"": ""[84630-000 84634-999]""}"
297677,76,4118709,Paulo Frontin,PR,PLF,677042,paulo.frontin,BR-PR-PauloFrontin,42,"{""postalCode_ranges"": ""[84635-000 84639-999]""}"
297802,76,4118808,Peabiru,PR,PBR,1803641,peabiru,BR-PR-Peabiru,44,"{""postalCode_ranges"": ""[87250-000 87259-999]""}"
297522,76,4118857,Perobal,PR,,2004093,perobal,BR-PR-Perobal,44,"{""postalCode_ranges"": ""[87538-000 87539-999]""}"
297765,76,4118907,Pérola,PR,PRA,1781000,perola,BR-PR-Perola,44,"{""postalCode_ranges"": ""[87540-000 87544-999]""}"
297553,76,4119004,Pérola d'Oeste,PR,,1803472,perola.oeste,BR-PR-PerolaOeste,46,"{""postalCode_ranges"": ""[85740-000 85744-999]""}"
297664,76,4119103,Piên,PR,PYE,1803835,pien,BR-PR-Pien,41,"{""postalCode_ranges"": ""[83860-000 83869-999]""}"
297611,76,4119152,Pinhais,PR,,1788891,pinhais,BR-PR-Pinhais,41,"{""postalCode_ranges"": ""[83320-001 83349-999]""}"
297821,76,4119202,Pinhalão,PR,PHL,2005059,pinhalao,BR-PR-Pinhalao,43,"{""postalCode_ranges"": ""[84925-000 84929-999]""}"
297673,76,4119251,Pinhal de São Bento,PR,PBT,372406,pinhal.sao.bento,BR-PR-PinhalSaoBento,46,"{""postalCode_ranges"": ""[85727-000 85729-999]""}"
297477,76,4119301,Pinhão,PR,PHO,935946,pinhao,BR-PR-Pinhao,42,"{""postalCode_ranges"": ""[85170-000 85194-999]""}"
297820,76,4119400,Piraí do Sul,PR,PIS,1803311,pirai.sul,BR-PR-PiraiSul,42,"{""postalCode_ranges"": ""[84240-000 84249-999]""}"
297651,76,4119509,Piraquara,PR,PQA,2004395,piraquara,BR-PR-Piraquara,41,"{""postalCode_ranges"": ""[83300-001 83319-999]""}"
297615,76,4119608,Pitanga,PR,PIG,1802922,pitanga,BR-PR-Pitanga,42,"{""postalCode_ranges"": ""[85200-000 85224-999]""}"
297763,76,4119657,Pitangueiras,PR,,2077794,pitangueiras,BR-PR-Pitangueiras,43,"{""postalCode_ranges"": ""[86613-000 86614-999]""}"
297588,76,4119707,Planaltina do Paraná,PR,PLD,927206,planaltina.parana,BR-PR-PlanaltinaParana,44,"{""postalCode_ranges"": ""[87860-000 87879-999]""}"
297497,76,4119806,Planalto,PR,PNT,608674,planalto,BR-PR-Planalto,46,"{""postalCode_ranges"": ""[85750-000 85759-999]""}"
297796,76,4119905,Ponta Grossa,PR,PGO,242906,ponta.grossa,BR-PR-PontaGrossa,42,"{""postalCode_ranges"": ""[84000-001 84129-999]""}"
297667,76,4119954,Pontal do Paraná,PR,,1803813,pontal.parana,BR-PR-PontalParana,41,"{""postalCode_ranges"": ""[83255-000 83259-999]""}"
297721,76,4120002,Porecatu,PR,PRU,2007362,porecatu,BR-PR-Porecatu,43,"{""postalCode_ranges"": ""[86160-000 86164-999]""}"
297498,76,4120101,Porto Amazonas,PR,PZS,2005152,porto.amazonas,BR-PR-PortoAmazonas,42,"{""postalCode_ranges"": ""[84140-000 84144-999]""}"
297572,76,4120150,Porto Barreiro,PR,,1803346,porto.barreiro,BR-PR-PortoBarreiro,42,"{""postalCode_ranges"": ""[85345-000 85349-999]""}"
297552,76,4120200,Porto Rico,PR,PRY,1985148,porto.rico,BR-PR-PortoRico,44,"{""postalCode_ranges"": ""[87950-000 87954-999]""}"
297597,76,4120309,Porto Vitória,PR,PRV,1803844,porto.vitoria,BR-PR-PortoVitoria,42,"{""postalCode_ranges"": ""[84615-000 84619-999]""}"
297792,76,4120333,Prado Ferreira,PR,PFI,2007391,prado.ferreira,BR-PR-PradoFerreira,43,"{""postalCode_ranges"": ""[86618-000 86619-999]""}"
297573,76,4120358,Pranchita,PR,PHA,1802900,pranchita,BR-PR-Pranchita,46,"{""postalCode_ranges"": ""[85730-000 85739-999]""}"
297520,76,4120408,Presidente Castelo Branco,PR,PLB,2077944,presidente.castelo.branco,BR-PR-PresidenteCasteloBranco,44,"{""postalCode_ranges"": ""[87180-000 87184-999]""}"
297670,76,4120507,Primeiro de Maio,PR,POM,1803826,primeiro.maio,BR-PR-PrimeiroMaio,43,"{""postalCode_ranges"": ""[86140-000 86149-999]""}"
297719,76,4120606,Prudentópolis,PR,PDT,751491,prudentopolis,BR-PR-Prudentopolis,42,"{""postalCode_ranges"": ""[84400-000 84429-999]""}"
297666,76,4120655,Quarto Centenário,PR,,2004523,quarto.centenario,BR-PR-QuartoCentenario,44,"{""postalCode_ranges"": ""[87365-000 87369-999]""}"
297589,76,4120705,Quatiguá,PR,QTG,743136,quatigua,BR-PR-Quatigua,43,"{""postalCode_ranges"": ""[86450-000 86454-999]""}"
297699,76,4120804,Quatro Barras,PR,QBS,650514,quatro.barras,BR-PR-QuatroBarras,41,"{""postalCode_ranges"": ""[83420-000 83429-999]""}"
297587,76,4120853,Quatro Pontes,PR,QTP,1803513,quatro.pontes,BR-PR-QuatroPontes,45,"{""postalCode_ranges"": ""[85940-000 85944-999]""}"
297678,76,4120903,Quedas do Iguaçu,PR,QIG,1802867,quedas.iguacu,BR-PR-QuedasIguacu,46,"{""postalCode_ranges"": ""[85460-000 85464-999]""}"
297769,76,4121000,Querência do Norte,PR,QNE,2004160,querencia.norte,BR-PR-QuerenciaNorte,44,"{""postalCode_ranges"": ""[87930-000 87949-999]""}"
297653,76,4121109,Quinta do Sol,PR,QNL,1802877,quinta.sol,BR-PR-QuintaSol,44,"{""postalCode_ranges"": ""[87265-000 87269-999]""}"
297519,76,4121208,Quitandinha,PR,QDN,1988300,quitandinha,BR-PR-Quitandinha,41,"{""postalCode_ranges"": ""[83840-000 83849-999]""}"
297536,76,4121257,Ramilândia,PR,,1803492,ramilandia,BR-PR-Ramilandia,45,"{""postalCode_ranges"": ""[85888-000 85889-999]""}"
297722,76,4121307,Rancho Alegre,PR,RHG,730276,rancho.alegre,BR-PR-RanchoAlegre,43,"{""postalCode_ranges"": ""[86290-000 86299-999]""}"
297542,76,4121356,Rancho Alegre D'Oeste,PR,,2004390,rancho.alegre.oeste,BR-PR-RanchoAlegreOeste,44,"{""postalCode_ranges"": ""[87395-000 87399-999]""}"
297679,76,4121406,Realeza,PR,RLZ,1802916,realeza,BR-PR-Realeza,46,"{""postalCode_ranges"": ""[85770-000 85779-999]""}"
297839,76,4121505,Rebouças,PR,REB,1991021,reboucas,BR-PR-Reboucas,42,"{""postalCode_ranges"": ""[84550-000 84559-999]""}"
297468,76,4121604,Renascença,PR,RNN,1773323,renascenca,BR-PR-Renascenca,46,"{""postalCode_ranges"": ""[85610-000 85614-999]""}"
297585,76,4121703,Reserva,PR,RRV,177325,reserva,BR-PR-Reserva,42,"{""postalCode_ranges"": ""[84320-000 84344-999]""}"
297834,76,4121752,Reserva do Iguaçu,PR,,1803317,reserva.iguacu,BR-PR-ReservaIguacu,42,"{""postalCode_ranges"": ""[85195-000 85199-999]""}"
297681,76,4121802,Ribeirão Claro,PR,RBC,1967081,ribeirao.claro,BR-PR-RibeiraoClaro,43,"{""postalCode_ranges"": ""[86410-000 86419-999]""}"
297851,76,4121901,Ribeirão do Pinhal,PR,RHL,2007630,ribeirao.pinhal,BR-PR-RibeiraoPinhal,43,"{""postalCode_ranges"": ""[86490-000 86599-999]""}"
297539,76,4122008,Rio Azul,PR,RZL,1964938,rio.azul,BR-PR-RioAzul,42,"{""postalCode_ranges"": ""[84560-000 84569-999]""}"
297727,76,4122107,Rio Bom,PR,RBM,1802892,rio.bom,BR-PR-RioBom,43,"{""postalCode_ranges"": ""[86830-000 86839-999]""}"
297593,76,4122156,Rio Bonito do Iguaçu,PR,RBN,1803367,rio.bonito.iguacu,BR-PR-RioBonitoIguacu,42,"{""postalCode_ranges"": ""[85340-000 85344-999]""}"
297565,76,4122172,Rio Branco do Ivaí,PR,RBI,1803505,rio.branco.ivai,BR-PR-RioBrancoIvai,43,"{""postalCode_ranges"": ""[86848-000 86849-999]""}"
297823,76,4122206,Rio Branco do Sul,PR,RBL,2004402,rio.branco.sul,BR-PR-RioBrancoSul,41,"{""postalCode_ranges"": ""[83540-000 83559-999]""}"
297643,76,4122305,Rio Negro,PR,RON,1878476,rio.negro,BR-PR-RioNegro,41,"{""postalCode_ranges"": ""[83880-000 83899-999]""}"
297510,76,4122404,Rolândia,PR,RLA,1008266,rolandia,BR-PR-Rolandia,43,"{""postalCode_ranges"": ""[86600-001 86609-999]""}"
297825,76,4122503,Roncador,PR,ROO,2003693,roncador,BR-PR-Roncador,44,"{""postalCode_ranges"": ""[87320-000 87324-999]""}"
297720,76,4122602,Rondon,PR,RDN,2083352,rondon,BR-PR-Rondon,44,"{""postalCode_ranges"": ""[87800-000 87809-999]""}"
297683,76,4122651,Rosário do Ivaí,PR,RSO,1803485,rosario.ivai,BR-PR-RosarioIvai,43,"{""postalCode_ranges"": ""[86850-000 86854-999]""}"
297852,76,4122701,Sabáudia,PR,SDY,1775808,sabaudia,BR-PR-Sabaudia,43,"{""postalCode_ranges"": ""[86720-000 86729-999]""}"
297813,76,4122800,Salgado Filho,PR,SLF,637930,salgado.filho,BR-PR-SalgadoFilho,46,"{""postalCode_ranges"": ""[85620-000 85627-999]""}"
297723,76,4122909,Salto do Itararé,PR,SLT,580298,salto.itarare,BR-PR-SaltoItarare,43,"{""postalCode_ranges"": ""[84945-000 84949-999]""}"
297665,76,4123006,Salto do Lontra,PR,STL,1803499,salto.lontra,BR-PR-SaltoLontra,46,"{""postalCode_ranges"": ""[85670-000 85679-999]""}"
297545,76,4123105,Santa Amélia,PR,,2007640,santa.amelia,BR-PR-SantaAmelia,43,"{""postalCode_ranges"": ""[86370-000 86374-999]""}"
297812,76,4123204,Santa Cecília do Pavão,PR,SCE,2005109,santa.cecilia.pavao,BR-PR-SantaCeciliaPavao,43,"{""postalCode_ranges"": ""[86225-000 86229-999]""}"
297740,76,4123303,Santa Cruz de Monte Castelo,PR,SZO,2003729,santa.cruz.monte.castelo,BR-PR-SantaCruzMonteCastelo,44,"{""postalCode_ranges"": ""[87920-000 87929-999]""}"
297865,76,4123402,Santa Fé,PR,STF,1811171,santa.fe,BR-PR-SantaFe,44,"{""postalCode_ranges"": ""[86770-000 86779-999]""}"
297691,76,4123501,Santa Helena,PR,SHA,2355851,santa.helena,BR-PR-SantaHelena,45,"{""postalCode_ranges"": ""[85892-000 85895-999]""}"
297704,76,4123600,Santa Inês,PR,SKI,2283744,santa.ines,BR-PR-SantaInes,44,"{""postalCode_ranges"": ""[86660-000 86669-999]""}"
297624,76,4123709,Santa Isabel do Ivaí,PR,SNV,2003762,santa.isabel.ivai,BR-PR-SantaIsabelIvai,44,"{""postalCode_ranges"": ""[87910-000 87914-999]""}"
297828,76,4123808,Santa Izabel do Oeste,PR,SZE,1803324,santa.izabel.oeste,BR-PR-SantaIzabelOeste,46,"{""postalCode_ranges"": ""[85650-000 85659-999]""}"
297847,76,4123824,Santa Lúcia,PR,SQL,2077843,santa.lucia,BR-PR-SantaLucia,45,"{""postalCode_ranges"": ""[85795-000 85799-999]""}"
297618,76,4123857,Santa Maria do Oeste,PR,SFF,1995037,santa.maria.oeste,BR-PR-SantaMariaOeste,42,"{""postalCode_ranges"": ""[85230-000 85239-999]""}"
297527,76,4123907,Santa Mariana,PR,SNM,2065952,santa.mariana,BR-PR-SantaMariana,43,"{""postalCode_ranges"": ""[86350-000 86359-999]""}"
297634,76,4123956,Santa Mônica,PR,SWQ,2003719,santa.monica,BR-PR-SantaMonica,44,"{""postalCode_ranges"": ""[87915-000 87919-999]""}"
297672,76,4124004,Santana do Itararé,PR,SOX,2006435,santana.itarare,BR-PR-SantanaItarare,43,"{""postalCode_ranges"": ""[84970-000 84979-999]""}"
297710,76,4124020,Santa Tereza do Oeste,PR,SQO,1803495,santa.tereza.oeste,BR-PR-SantaTerezaOeste,45,"{""postalCode_ranges"": ""[85825-000 85825-999]""}"
297730,76,4124053,Santa Terezinha de Itaipu,PR,SHW,1802908,santa.terezinha.itaipu,BR-PR-SantaTerezinhaItaipu,45,"{""postalCode_ranges"": ""[85875-000 85876-999]""}"
297707,76,4124103,Santo Antônio da Platina,PR,SNP,929328,santo.antonio.platina,BR-PR-SantoAntonioPlatina,43,"{""postalCode_ranges"": ""[86430-000 86449-999]""}"
297782,76,4124202,Santo Antônio do Caiuá,PR,SIO,375907,santo.antonio.caiua,BR-PR-SantoAntonioCaiua,44,"{""postalCode_ranges"": ""[87730-000 87739-999]""}"
297832,76,4124301,Santo Antônio do Paraíso,PR,SAK,2007649,santo.antonio.paraiso,BR-PR-SantoAntonioParaiso,43,"{""postalCode_ranges"": ""[86315-000 86319-999]""}"
297499,76,4124400,Santo Antônio do Sudoeste,PR,SSU,1803373,santo.antonio.sudoeste,BR-PR-SantoAntonioSudoeste,46,"{""postalCode_ranges"": ""[85710-000 85726-999]""}"
297797,76,4124509,Santo Inácio,PR,SIY,1775771,santo.inacio,BR-PR-SantoInacio,44,"{""postalCode_ranges"": ""[86650-000 86659-999]""}"
297478,76,4124608,São Carlos do Ivaí,PR,SCD,2003690,sao.carlos.ivai,BR-PR-SaoCarlosIvai,44,"{""postalCode_ranges"": ""[87770-000 87779-999]""}"
297645,76,4124707,São Jerônimo da Serra,PR,SEN,2005069,sao.jeronimo.serra,BR-PR-SaoJeronimoSerra,43,"{""postalCode_ranges"": ""[86270-000 86279-999]""}"
297735,76,4124806,São João,PR,SJX,2101599,sao.joao,BR-PR-SaoJoao,46,"{""postalCode_ranges"": ""[85570-000 85574-999]""}"
297637,76,4124905,São João do Caiuá,PR,SCA,2004153,sao.joao.caiua,BR-PR-SaoJoaoCaiua,44,"{""postalCode_ranges"": ""[87740-000 87749-999]""}"
297620,76,4125001,São João do Ivaí,PR,SJI,1803358,sao.joao.ivai,BR-PR-SaoJoaoIvai,43,"{""postalCode_ranges"": ""[86930-000 86934-999]""}"
297805,76,4125100,São João do Triunfo,PR,SIF,2006406,sao.joao.triunfo,BR-PR-SaoJoaoTriunfo,42,"{""postalCode_ranges"": ""[84150-000 84159-999]""}"
297579,76,4125209,São Jorge d'Oeste,PR,,1803364,sao.jorge.oeste,BR-PR-SaoJorgeOeste,46,"{""postalCode_ranges"": ""[85575-000 85579-999]""}"
297525,76,4125308,São Jorge do Ivaí,PR,SED,1773332,sao.jorge.ivai,BR-PR-SaoJorgeIvai,44,"{""postalCode_ranges"": ""[87190-000 87199-999]""}"
297833,76,4125357,São Jorge do Patrocínio,PR,SJZ,2004142,sao.jorge.patrocinio,BR-PR-SaoJorgePatrocinio,44,"{""postalCode_ranges"": ""[87555-000 87559-999]""}"
297795,76,4125407,São José da Boa Vista,PR,SVY,2006425,sao.jose.boa.vista,BR-PR-SaoJoseBoaVista,43,"{""postalCode_ranges"": ""[84980-000 84989-999]""}"
297799,76,4125456,São José das Palmeiras,PR,SKY,2004131,sao.jose.palmeiras,BR-PR-SaoJosePalmeiras,45,"{""postalCode_ranges"": ""[85898-000 85899-999]""}"
297533,76,4125506,São José dos Pinhais,PR,SJP,478818,sao.jose.pinhais,BR-PR-SaoJosePinhais,41,"{""postalCode_ranges"": ""[83000-001 83189-999]""}"
297840,76,4125555,São Manoel do Paraná,PR,SWF,2003820,sao.manoel.parana,BR-PR-SaoManoelParana,44,"{""postalCode_ranges"": ""[87215-000 87219-999]""}"
297770,76,4125605,São Mateus do Sul,PR,SSL,1803791,sao.mateus.sul,BR-PR-SaoMateusSul,42,"{""postalCode_ranges"": ""[83900-000 83979-999]""}"
297798,76,4125704,São Miguel do Iguaçu,PR,SLI,1773060,sao.miguel.iguacu,BR-PR-SaoMiguelIguacu,45,"{""postalCode_ranges"": ""[85877-000 85879-999]""}"
297534,76,4125753,São Pedro do Iguaçu,PR,SPJ,2003681,sao.pedro.iguacu,BR-PR-SaoPedroIguacu,45,"{""postalCode_ranges"": ""[85929-000 85929-999]""}"
297600,76,4125803,São Pedro do Ivaí,PR,SVI,1802884,sao.pedro.ivai,BR-PR-SaoPedroIvai,43,"{""postalCode_ranges"": ""[86945-000 86949-999]""}"
297625,76,4125902,São Pedro do Paraná,PR,SXD,2003774,sao.pedro.parana,BR-PR-SaoPedroParana,44,"{""postalCode_ranges"": ""[87955-000 87959-999]""}"
297495,76,4126009,São Sebastião da Amoreira,PR,SAY,2007441,sao.sebastiao.amoreira,BR-PR-SaoSebastiaoAmoreira,43,"{""postalCode_ranges"": ""[86240-000 86249-999]""}"
297801,76,4126108,São Tomé,PR,STX,2019197,sao.tome,BR-PR-SaoTome,44,"{""postalCode_ranges"": ""[87220-000 87224-999]""}"
297726,76,4126207,Sapopema,PR,SPE,2005483,sapopema,BR-PR-Sapopema,43,"{""postalCode_ranges"": ""[84290-000 84299-999]""}"
297663,76,4126256,Sarandi,PR,SWW,2351325,sarandi,BR-PR-Sarandi,44,"{""postalCode_ranges"": ""[87110-001 87119-999]""}"
297594,76,4126272,Saudade do Iguaçu,PR,,2004500,saudade.iguacu,BR-PR-SaudadeIguacu,46,"{""postalCode_ranges"": ""[85568-000 85569-999]""}"
297810,76,4126306,Sengés,PR,SGX,1803479,senges,BR-PR-Senges,43,"{""postalCode_ranges"": ""[84220-000 84239-999]""}"
297652,76,4126355,Serranópolis do Iguaçu,PR,,1803292,serranopolis.iguacu,BR-PR-SerranopolisIguacu,45,"{""postalCode_ranges"": ""[85885-000 85886-999]""}"
297794,76,4126405,Sertaneja,PR,SRJ,2064911,sertaneja,BR-PR-Sertaneja,43,"{""postalCode_ranges"": ""[86340-000 86349-999]""}"
297523,76,4126504,Sertanópolis,PR,SOS,2005080,sertanopolis,BR-PR-Sertanopolis,43,"{""postalCode_ranges"": ""[86170-000 86179-999]""}"
297860,76,4126603,Siqueira Campos,PR,SQC,2064771,siqueira.campos,BR-PR-SiqueiraCampos,43,"{""postalCode_ranges"": ""[84940-000 84944-999]""}"
297639,76,4126652,Sulina,PR,SIX,2104137,sulina,BR-PR-Sulina,46,"{""postalCode_ranges"": ""[85565-000 85567-999]""}"
297689,76,4126678,Tamarana,PR,,2006415,tamarana,BR-PR-Tamarana,43,"{""postalCode_ranges"": ""[86125-000 86129-999]""}"
297465,76,4126702,Tamboara,PR,TMO,930867,tamboara,BR-PR-Tamboara,44,"{""postalCode_ranges"": ""[87760-000 87769-999]""}"
-764126801,76,4126801,Tapejara,PR,TJA,2105955,tapejara,BR-PR-Tapejara,44,"{""postalCode_ranges"": ""[87430-000 87449-999]""}"
297790,76,4126900,Tapira,PR,TPR,1966758,tapira,BR-PR-Tapira,44,"{""postalCode_ranges"": ""[87830-000 87839-999]""}"
297531,76,4127007,Teixeira Soares,PR,TXR,2004218,teixeira.soares,BR-PR-TeixeiraSoares,42,"{""postalCode_ranges"": ""[84530-000 84534-999]""}"
297518,76,4127106,Telêmaco Borba,PR,TEB,391843,telemaco.borba,BR-PR-TelemacoBorba,42,"{""postalCode_ranges"": ""[84260-001 84279-999]""}"
297502,76,4127205,Terra Boa,PR,TEO,956038,terra.boa,BR-PR-TerraBoa,44,"{""postalCode_ranges"": ""[87240-000 87249-999]""}"
297849,76,4127304,Terra Rica,PR,TRA,1814454,terra.rica,BR-PR-TerraRica,44,"{""postalCode_ranges"": ""[87890-000 87899-999]""}"
-764127403,76,4127403,Terra Roxa,PR,TRX,2104252,terra.roxa,BR-PR-TerraRoxa,44,"{""postalCode_ranges"": ""[85990-000 85997-999]""}"
297741,76,4127502,Tibagi,PR,TBG,987328,tibagi,BR-PR-Tibagi,42,"{""postalCode_ranges"": ""[84300-000 84319-999]""}"
297496,76,4127601,Tijucas do Sul,PR,TJS,1803774,tijucas.sul,BR-PR-TijucasSul,41,"{""postalCode_ranges"": ""[83190-000 83199-999]""}"
297636,76,4127700,Toledo,PR,TOO,1776774,toledo,BR-PR-Toledo,45,"{""postalCode_ranges"": ""[85900-001 85928-999]""}"
297669,76,4127809,Tomazina,PR,TMZ,2006399,tomazina,BR-PR-Tomazina,43,"{""postalCode_ranges"": ""[84935-000 84939-999]""}"
297706,76,4127858,Três Barras do Paraná,PR,TSR,1803338,tres.barras.parana,BR-PR-TresBarrasParana,45,"{""postalCode_ranges"": ""[85485-000 85499-999]""}"
297692,76,4127882,Tunas do Paraná,PR,TKN,2004599,tunas.parana,BR-PR-TunasParana,41,"{""postalCode_ranges"": ""[83480-000 83489-999]""}"
297698,76,4127908,Tuneiras do Oeste,PR,TNO,1830118,tuneiras.oeste,BR-PR-TuneirasOeste,44,"{""postalCode_ranges"": ""[87450-000 87469-999]""}"
297626,76,4127957,Tupãssi,PR,TAS,2003701,tupassi,BR-PR-Tupassi,44,"{""postalCode_ranges"": ""[85945-000 85947-999]""}"
297686,76,4127965,Turvo,PR,TUO,1899023,turvo,BR-PR-Turvo,42,"{""postalCode_ranges"": ""[85150-000 85154-999]""}"
297628,76,4128005,Ubiratã,PR,UTA,2004566,ubirata,BR-PR-Ubirata,44,"{""postalCode_ranges"": ""[85440-000 85449-999]""}"
297607,76,4128104,Umuarama,PR,UMR,593948,umuarama,BR-PR-Umuarama,44,"{""postalCode_ranges"": ""[87500-001 87524-999]""}"
297762,76,4128203,União da Vitória,PR,UVA,988869,uniao.vitoria,BR-PR-UniaoVitoria,42,"{""postalCode_ranges"": ""[84600-000 84614-999]""}"
297554,76,4128302,Uniflor,PR,UFR,1775795,uniflor,BR-PR-Uniflor,44,"{""postalCode_ranges"": ""[87640-000 87649-999]""}"
297592,76,4128401,Uraí,PR,URI,2005140,urai,BR-PR-Urai,43,"{""postalCode_ranges"": ""[86280-000 86289-999]""}"
297755,76,4128500,Wenceslau Braz,PR,WBZ,2006930,wenceslau.braz,BR-PR-WenceslauBraz,43,"{""postalCode_ranges"": ""[84950-000 84969-999]""}"
297742,76,4128534,Ventania,PR,VTN,1803276,ventania,BR-PR-Ventania,42,"{""postalCode_ranges"": ""[84345-000 84349-999]""}"
297541,76,4128559,Vera Cruz do Oeste,PR,VCO,1803331,vera.cruz.oeste,BR-PR-VeraCruzOeste,45,"{""postalCode_ranges"": ""[85845-000 85849-999]""}"
297842,76,4128609,Verê,PR,VRE,1803304,vere,BR-PR-Vere,46,"{""postalCode_ranges"": ""[85585-000 85597-999]""}"
297540,76,4128625,Alto Paraíso,PR,,2064812,alto.paraiso,BR-PR-AltoParaiso,46,"{""postalCode_ranges"": ""[87528-000 87529-999]""}"
297617,76,4128633,Doutor Ulysses,PR,,660697,doutor.ulysses,BR-PR-DoutorUlysses,41,"{""postalCode_ranges"": ""[83590-000 83599-999]""}"
297582,76,4128658,Virmond,PR,VRN,522096,virmond,BR-PR-Virmond,42,"{""postalCode_ranges"": ""[85390-000 85399-999]""}"
297608,76,4128708,Vitorino,PR,VTO,2004576,vitorino,BR-PR-Vitorino,46,"{""postalCode_ranges"": ""[85520-000 85524-999]""}"
297551,76,4128807,Xambrê,PR,XMB,2003811,xambre,BR-PR-Xambre,44,"{""postalCode_ranges"": ""[87535-000 87537-999]""}"
