osm_id,jurisd_base_id,jurisd_local_id,name,parent_abbrev,abbrev,wikidata_id,lexlabel,isolabel_ext,ddd,info
298151,76,3500105,Adamantina,SP,ADM,1637498,adamantina,BR-SP-Adamantina,18,"{""postalCode_ranges"": ""[17800-000 17809-999]""}"
298302,76,3500204,Adolfo,SP,ADF,676044,adolfo,BR-SP-Adolfo,17,"{""postalCode_ranges"": ""[15230-000 15239-999]""}"
298431,76,3500303,Aguaí,SP,AAI,1760037,aguai,BR-SP-Aguai,19,"{""postalCode_ranges"": ""[13860-000 13869-999]""}"
298075,76,3500402,Águas da Prata,SP,AGP,1647805,aguas.prata,BR-SP-AguasPrata,19,"{""postalCode_ranges"": ""[13890-000 13899-999]""}"
298061,76,3500501,Águas de Lindóia,SP,AGL,249869,aguas.lindoia,BR-SP-AguasLindoia,19,"{""postalCode_ranges"": ""[13940-000 13949-999]""}"
298349,76,3500550,Águas de Santa Bárbara,SP,ASB,22066,aguas.santa.barbara,BR-SP-AguasSantaBarbara,14,"{""postalCode_ranges"": ""[18770-000 18774-999]""}"
297918,76,3500600,Águas de São Pedro,SP,ASP,249900,aguas.sao.pedro,BR-SP-AguasSaoPedro,19,"{""postalCode_ranges"": ""[13525-000 13529-999]""}"
298016,76,3500709,Agudos,SP,AGD,1750166,agudos,BR-SP-Agudos,14,"{""postalCode_ranges"": ""[17120-000 17149-999]""}"
298120,76,3500758,Alambari,SP,ALA,513601,alambari,BR-SP-Alambari,15,"{""postalCode_ranges"": ""[18220-000 18224-999]""}"
298398,76,3500808,Alfredo Marcondes,SP,AFM,596678,alfredo.marcondes,BR-SP-AlfredoMarcondes,18,"{""postalCode_ranges"": ""[19180-000 19189-999]""}"
298035,76,3500907,Altair,SP,ATR,305132,altair,BR-SP-Altair,17,"{""postalCode_ranges"": ""[15430-000 15439-999]""}"
298422,76,3501004,Altinópolis,SP,ATP,1112482,altinopolis,BR-SP-Altinopolis,16,"{""postalCode_ranges"": ""[14350-000 14389-999]""}"
298202,76,3501103,Alto Alegre,SP,AAG,1806762,alto.alegre,BR-SP-AltoAlegre,18,"{""postalCode_ranges"": ""[16310-000 16339-999]""}"
298114,76,3501152,Alumínio,SP,ALM,642894,aluminio,BR-SP-Aluminio,11,"{""postalCode_ranges"": ""[18125-000 18129-999]""}"
298519,76,3501202,Álvares Florence,SP,AVF,1754608,alvares.florence,BR-SP-AlvaresFlorence,17,"{""postalCode_ranges"": ""[15540-000 15549-999]""}"
298508,76,3501301,Álvares Machado,SP,AVM,1750446,alvares.machado,BR-SP-AlvaresMachado,18,"{""postalCode_ranges"": ""[19160-000 19179-999]""}"
298081,76,3504909,Bananal,SP,BNN,268774,bananal,BR-SP-Bananal,12,"{""postalCode_ranges"": ""[12850-000 12869-999]""}"
298212,76,3501400,Álvaro de Carvalho,SP,AVC,1749940,alvaro.carvalho,BR-SP-AlvaroCarvalho,14,"{""postalCode_ranges"": ""[17410-000 17419-999]""}"
297906,76,3501509,Alvinlândia,SP,AVL,1750195,alvinlandia,BR-SP-Alvinlandia,14,"{""postalCode_ranges"": ""[17430-000 17439-999]""}"
297977,76,3501608,Americana,SP,AMR,467421,americana,BR-SP-Americana,19,"{""postalCode_ranges"": ""[13465-001 13479-999]""}"
298452,76,3501707,Américo Brasiliense,SP,ABR,376503,americo.brasiliense,BR-SP-AmericoBrasiliense,16,"{""postalCode_ranges"": ""[14820-000 14824-999]""}"
297945,76,3501806,Américo de Campos,SP,ACP,964181,americo.campos,BR-SP-AmericoCampos,17,"{""postalCode_ranges"": ""[15550-000 15559-999]""}"
298494,76,3501905,Amparo,SP,AMP,930321,amparo,BR-SP-Amparo,19,"{""postalCode_ranges"": ""[13900-001 13909-999]""}"
297984,76,3502002,Analândia,SP,ALD,1754575,analandia,BR-SP-Analandia,19,"{""postalCode_ranges"": ""[13550-000 13559-999]""}"
298128,76,3502101,Andradina,SP,ADD,1646937,andradina,BR-SP-Andradina,18,"{""postalCode_ranges"": ""[16900-001 16919-999]""}"
298408,76,3502200,Angatuba,SP,AGT,1750222,angatuba,BR-SP-Angatuba,15,"{""postalCode_ranges"": ""[18240-000 18244-999]""}"
298420,76,3502309,Anhembi,SP,AHB,942392,anhembi,BR-SP-Anhembi,14,"{""postalCode_ranges"": ""[18620-000 18639-999]""}"
298190,76,3502408,Anhumas,SP,AHM,22066885,anhumas,BR-SP-Anhumas,18,"{""postalCode_ranges"": ""[19580-000 19589-999]""}"
298160,76,3502507,Aparecida,SP,ACD,617702,aparecida,BR-SP-Aparecida,12,"{""postalCode_ranges"": ""[12570-000 12579-999]""}"
298023,76,3502606,Aparecida d'Oeste,SP,ADT,1759370,aparecida.oeste,BR-SP-AparecidaOeste,17,"{""postalCode_ranges"": ""[15735-000 15739-999]""}"
298507,76,3502705,Apiaí,SP,API,1760259,apiai,BR-SP-Apiai,15,"{""postalCode_ranges"": ""[18320-000 18324-999]""}"
298287,76,3502754,Araçariguama,SP,ARG,765185,aracariguama,BR-SP-Aracariguama,11,"{""postalCode_ranges"": ""[18147-000 18149-999]""}"
297930,76,3502804,Araçatuba,SP,ART,626835,aracatuba,BR-SP-Aracatuba,18,"{""postalCode_ranges"": ""[16000-001 16129-999]""}"
298446,76,3502903,Araçoiaba da Serra,SP,ARS,1754621,aracoiaba.serra,BR-SP-AracoiabaSerra,15,"{""postalCode_ranges"": ""[18190-000 18194-999]""}"
298091,76,3503000,Aramina,SP,AMN,930883,aramina,BR-SP-Aramina,16,"{""postalCode_ranges"": ""[14550-000 14569-999]""}"
298067,76,3503109,Arandu,SP,ARD,1754457,arandu,BR-SP-Arandu,14,"{""postalCode_ranges"": ""[18710-000 18719-999]""}"
298468,76,3503158,Arapeí,SP,ARP,1749953,arapei,BR-SP-Arapei,12,"{""postalCode_ranges"": ""[12870-000 12899-999]""}"
298395,76,3503208,Araraquara,SP,ARA,626247,araraquara,BR-SP-Araraquara,16,"{""postalCode_ranges"": ""[14800-001 14812-999]""}"
298532,76,3503307,Araras,SP,ARR,580366,araras,BR-SP-Araras,19,"{""postalCode_ranges"": ""[13600-001 13609-999]""}"
298391,76,3503356,Arco-Íris,SP,ARC,1750192,arco.iris,BR-SP-ArcoIris,14,"{""postalCode_ranges"": ""[17630-000 17649-999]""}"
298269,76,3503406,Arealva,SP,ARV,1647782,arealva,BR-SP-Arealva,14,"{""postalCode_ranges"": ""[17160-000 17179-999]""}"
298125,76,3503505,Areias,SP,AEI,1800701,areias,BR-SP-Areias,12,"{""postalCode_ranges"": ""[12820-000 12829-999]""}"
298221,76,3503604,Areiópolis,SP,AEP,1750214,areiopolis,BR-SP-Areiopolis,14,"{""postalCode_ranges"": ""[18670-000 18674-999]""}"
298460,76,3503703,Ariranha,SP,ARH,1750254,ariranha,BR-SP-Ariranha,17,"{""postalCode_ranges"": ""[15960-000 15969-999]""}"
298163,76,3503802,Artur Nogueira,SP,ATN,1754345,artur.nogueira,BR-SP-ArturNogueira,19,"{""postalCode_ranges"": ""[13160-000 13164-999]""}"
297934,76,3503901,Arujá,SP,ARJ,1750250,aruja,BR-SP-Aruja,11,"{""postalCode_ranges"": ""[07400-001 07499-999]""}"
298084,76,3503950,Aspásia,SP,ASA,268193,aspasia,BR-SP-Aspasia,17,"{""postalCode_ranges"": ""[15763-000 15764-999]""}"
298317,76,3504008,Assis,SP,ASS,742227,assis,BR-SP-Assis,18,"{""postalCode_ranges"": ""[19800-001 19819-999]""}"
298253,76,3504107,Atibaia,SP,ATB,1637405,atibaia,BR-SP-Atibaia,11,"{""postalCode_ranges"": ""[12940-001 12954-999]""}"
298185,76,3504206,Auriflama,SP,ARF,268956,auriflama,BR-SP-Auriflama,17,"{""postalCode_ranges"": ""[15350-000 15354-999]""}"
298324,76,3504305,Avaí,SP,AVI,371734,avai,BR-SP-Avai,14,"{""postalCode_ranges"": ""[16680-000 16699-999]""}"
298393,76,3504404,Avanhandava,SP,AVA,1646956,avanhandava,BR-SP-Avanhandava,18,"{""postalCode_ranges"": ""[16360-000 16369-999]""}"
297963,76,3504503,Avaré,SP,AVR,782812,avare,BR-SP-Avare,14,"{""postalCode_ranges"": ""[18700-001 18709-999]""}"
298279,76,3504602,Bady Bassitt,SP,BBS,268782,bady.bassitt,BR-SP-BadyBassitt,17,"{""postalCode_ranges"": ""[15115-000 15119-999]""}"
298465,76,3504701,Balbinos,SP,BBN,268906,balbinos,BR-SP-Balbinos,14,"{""postalCode_ranges"": ""[16640-000 16649-999]""}"
298297,76,3504800,Bálsamo,SP,BSM,1750436,balsamo,BR-SP-Balsamo,17,"{""postalCode_ranges"": ""[15140-000 15144-999]""}"
298094,76,3505005,Barão de Antonina,SP,BAT,430127,barao.antonina,BR-SP-BaraoAntonina,15,"{""postalCode_ranges"": ""[18490-000 18499-999]""}"
298209,76,3505104,Barbosa,SP,BOS,1795422,barbosa,BR-SP-Barbosa,18,"{""postalCode_ranges"": ""[16350-000 16359-999]""}"
298502,76,3505203,Bariri,SP,BRI,1759107,bariri,BR-SP-Bariri,14,"{""postalCode_ranges"": ""[17250-000 17259-999]""}"
298357,76,3505302,Barra Bonita,SP,BRB,1759461,barra.bonita,BR-SP-BarraBonita,14,"{""postalCode_ranges"": ""[17340-000 17349-999]""}"
297996,76,3505351,Barra do Chapéu,SP,BCH,1760579,barra.chapeu,BR-SP-BarraChapeu,15,"{""postalCode_ranges"": ""[18325-000 18329-999]""}"
298368,76,3505401,Barra do Turvo,SP,BRT,1760650,barra.turvo,BR-SP-BarraTurvo,15,"{""postalCode_ranges"": ""[11955-000 11959-999]""}"
297907,76,3505500,Barretos,SP,BRR,1637488,barretos,BR-SP-Barretos,17,"{""postalCode_ranges"": ""[14780-001 14789-999]""}"
298127,76,3505609,Barrinha,SP,BRH,1760074,barrinha,BR-SP-Barrinha,16,"{""postalCode_ranges"": ""[14860-000 14869-999]""}"
298021,76,3505708,Barueri,SP,BEI,461773,barueri,BR-SP-Barueri,11,"{""postalCode_ranges"": ""[06400-001 06499-999]""}"
298423,76,3505807,Bastos,SP,BAS,971397,bastos,BR-SP-Bastos,14,"{""postalCode_ranges"": ""[17690-000 17699-999]""}"
298266,76,3505906,Batatais,SP,BTT,650500,batatais,BR-SP-Batatais,16,"{""postalCode_ranges"": ""[14300-000 14339-999]""}"
298315,76,3506003,Bauru,SP,BRU,241645,bauru,BR-SP-Bauru,14,"{""postalCode_ranges"": ""[17000-001 17119-999]""}"
298041,76,3506102,Bebedouro,SP,BBD,1817181,bebedouro,BR-SP-Bebedouro,17,"{""postalCode_ranges"": ""[14700-001 14719-999]""}"
298387,76,3506201,Bento de Abreu,SP,BTA,1750448,bento.abreu,BR-SP-BentoAbreu,18,"{""postalCode_ranges"": ""[16790-000 16799-999]""}"
298318,76,3506300,Bernardino de Campos,SP,BNC,920204,bernardino.campos,BR-SP-BernardinoCampos,14,"{""postalCode_ranges"": ""[18960-000 18969-999]""}"
297935,76,3506359,Bertioga,SP,BET,828319,bertioga,BR-SP-Bertioga,13,"{""postalCode_ranges"": ""[11250-000 11299-999]""}"
298238,76,3506409,Bilac,SP,BIL,1648315,bilac,BR-SP-Bilac,18,"{""postalCode_ranges"": ""[16210-000 16219-999]""}"
298335,76,3506508,Birigui,SP,BGI,963648,birigui,BR-SP-Birigui,18,"{""postalCode_ranges"": ""[16200-001 16209-999]""}"
298405,76,3506607,Biritiba-Mirim,SP,BRM,518845,biritiba.mirim,BR-SP-BiritibaMirim,11,"{""postalCode_ranges"": ""[08940-000 08969-999]""}"
298320,76,3506706,Boa Esperança do Sul,SP,BES,268938,boa.esperanca.sul,BR-SP-BoaEsperancaSul,16,"{""postalCode_ranges"": ""[14930-000 14934-999]""}"
298229,76,3506805,Bocaina,SP,BOC,1759088,bocaina,BR-SP-Bocaina,14,"{""postalCode_ranges"": ""[17240-000 17249-999]""}"
298079,76,3506904,Bofete,SP,BFT,1749936,bofete,BR-SP-Bofete,14,"{""postalCode_ranges"": ""[18590-000 18599-999]""}"
298000,76,3507001,Boituva,SP,BTV,1759350,boituva,BR-SP-Boituva,15,"{""postalCode_ranges"": ""[18550-000 18559-999]""}"
297980,76,3507100,Bom Jesus dos Perdões,SP,BJP,1760959,bom.jesus.perdoes,BR-SP-BomJesusPerdoes,11,"{""postalCode_ranges"": ""[12955-000 12959-999]""}"
298103,76,3507159,Bom Sucesso de Itararé,SP,BSI,734464,bom.sucesso.itarare,BR-SP-BomSucessoItarare,15,"{""postalCode_ranges"": ""[18475-000 18479-999]""}"
298358,76,3507209,Borá,SP,BOR,568394,bora,BR-SP-Bora,18,"{""postalCode_ranges"": ""[19740-000 19749-999]""}"
298168,76,3507308,Boracéia,SP,BRC,776912,boraceia,BR-SP-Boraceia,14,"{""postalCode_ranges"": ""[17270-000 17279-999]""}"
298062,76,3507407,Borborema,SP,BBR,978870,borborema,BR-SP-Borborema,16,"{""postalCode_ranges"": ""[14955-000 14959-999]""}"
297923,76,3507456,Borebi,SP,BRE,544311,borebi,BR-SP-Borebi,14,"{""postalCode_ranges"": ""[18675-000 18679-999]""}"
297987,76,3507506,Botucatu,SP,BTC,1625598,botucatu,BR-SP-Botucatu,14,"{""postalCode_ranges"": ""[18600-001 18619-999]""}"
298179,76,3507605,Bragança Paulista,SP,BGP,897232,braganca.paulista,BR-SP-BragancaPaulista,11,"{""postalCode_ranges"": ""[12900-001 12929-999]""}"
298045,76,3507704,Braúna,SP,BRN,1222856,brauna,BR-SP-Brauna,18,"{""postalCode_ranges"": ""[16290-000 16299-999]""}"
298031,76,3507753,Brejo Alegre,SP,BRA,1754561,brejo.alegre,BR-SP-BrejoAlegre,18,"{""postalCode_ranges"": ""[16265-000 16269-999]""}"
298137,76,3507803,Brodowski,SP,BDQ,924792,brodowski,BR-SP-Brodowski,16,"{""postalCode_ranges"": ""[14340-000 14349-999]""}"
298359,76,3507902,Brotas,SP,BRO,1648408,brotas,BR-SP-Brotas,14,"{""postalCode_ranges"": ""[17380-000 17399-999]""}"
298489,76,3508009,Buri,SP,BUR,1816107,buri,BR-SP-Buri,15,"{""postalCode_ranges"": ""[18290-000 18299-999]""}"
297967,76,3508108,Buritama,SP,BTM,1750100,buritama,BR-SP-Buritama,18,"{""postalCode_ranges"": ""[15290-000 15299-999]""}"
297961,76,3508207,Buritizal,SP,BTZ,764489,buritizal,BR-SP-Buritizal,16,"{""postalCode_ranges"": ""[14570-000 14579-999]""}"
298053,76,3508306,Cabrália Paulista,SP,CBP,268806,cabralia.paulista,BR-SP-CabraliaPaulista,14,"{""postalCode_ranges"": ""[17480-000 17489-999]""}"
298426,76,3508405,Cabreúva,SP,CBV,1760058,cabreuva,BR-SP-Cabreuva,11,"{""postalCode_ranges"": ""[13315-000 13319-999]""}"
298443,76,3508504,Caçapava,SP,CPV,1759103,cacapava,BR-SP-Cacapava,12,"{""postalCode_ranges"": ""[12280-001 12299-999]""}"
298401,76,3508603,Cachoeira Paulista,SP,CHP,1760112,cachoeira.paulista,BR-SP-CachoeiraPaulista,12,"{""postalCode_ranges"": ""[12630-000 12689-999]""}"
297947,76,3508702,Caconde,SP,CCD,983521,caconde,BR-SP-Caconde,19,"{""postalCode_ranges"": ""[13770-000 13779-999]""}"
298341,76,3508801,Cafelândia,SP,CFD,1759688,cafelandia,BR-SP-Cafelandia,14,"{""postalCode_ranges"": ""[16500-000 16569-999]""}"
298069,76,3508900,Caiabu,SP,CBU,958717,caiabu,BR-SP-Caiabu,18,"{""postalCode_ranges"": ""[19530-000 19559-999]""}"
298176,76,3509007,Caieiras,SP,CEI,1750069,caieiras,BR-SP-Caieiras,11,"{""postalCode_ranges"": ""[07700-001 07749-999]""}"
298538,76,3509106,Caiuá,SP,CAA,769984,caiua,BR-SP-Caiua,18,"{""postalCode_ranges"": ""[19450-000 19469-999]""}"
298462,76,3509205,Cajamar,SP,CJM,1760376,cajamar,BR-SP-Cajamar,11,"{""postalCode_ranges"": ""[07750-001 07799-999]""}"
298010,76,3509254,Cajati,SP,CAJ,1760947,cajati,BR-SP-Cajati,13,"{""postalCode_ranges"": ""[11950-000 11954-999]""}"
298414,76,3509304,Cajobi,SP,CJB,1750207,cajobi,BR-SP-Cajobi,17,"{""postalCode_ranges"": ""[15410-000 15419-999]""}"
298232,76,3509403,Cajuru,SP,CJR,1760370,cajuru,BR-SP-Cajuru,16,"{""postalCode_ranges"": ""[14240-000 14249-999]""}"
298294,76,3509452,Campina do Monte Alegre,SP,CPM,1759806,campina.monte.alegre,BR-SP-CampinaMonteAlegre,15,"{""postalCode_ranges"": ""[18245-000 18249-999]""}"
298227,76,3509502,Campinas,SP,CAM,171617,campinas,BR-SP-Campinas,19,"{""postalCode_ranges"": ""[13000-001 13139-999]""}"
298214,76,3509601,Campo Limpo Paulista,SP,CPL,1754452,campo.limpo.paulista,BR-SP-CampoLimpoPaulista,11,"{""postalCode_ranges"": ""[13230-001 13239-999]""}"
298038,76,3509700,Campos do Jordão,SP,CJD,851253,campos.jordao,BR-SP-CamposJordao,12,"{""postalCode_ranges"": ""[12460-000 12489-999]""}"
298218,76,3509809,Campos Novos Paulista,SP,CNP,1760953,campos.novos.paulista,BR-SP-CamposNovosPaulista,14,"{""postalCode_ranges"": ""[19960-000 19969-999]""}"
298196,76,3509908,Cananéia,SP,CNN,1751347,cananeia,BR-SP-Cananeia,13,"{""postalCode_ranges"": ""[11990-000 11999-999]""}"
298005,76,3509957,Canas,SP,CAS,1795838,canas,BR-SP-Canas,12,"{""postalCode_ranges"": ""[12615-000 12619-999]""}"
298059,76,3510005,Cândido Mota,SP,CDM,1761075,candido.mota,BR-SP-CandidoMota,18,"{""postalCode_ranges"": ""[19880-000 19899-999]""}"
298366,76,3510104,Cândido Rodrigues,SP,CDR,737416,candido.rodrigues,BR-SP-CandidoRodrigues,16,"{""postalCode_ranges"": ""[15930-000 15939-999]""}"
298219,76,3510153,Canitar,SP,CAN,383979,canitar,BR-SP-Canitar,14,"{""postalCode_ranges"": ""[18990-000 18999-999]""}"
298192,76,3510203,Capão Bonito,SP,CPB,1798802,capao.bonito,BR-SP-CapaoBonito,15,"{""postalCode_ranges"": ""[18300-001 18309-999]""}"
298143,76,3510302,Capela do Alto,SP,CAT,610390,capela.alto,BR-SP-CapelaAlto,15,"{""postalCode_ranges"": ""[18195-000 18199-999]""}"
298223,76,3510401,Capivari,SP,CPR,1750439,capivari,BR-SP-Capivari,19,"{""postalCode_ranges"": ""[13360-000 13369-999]""}"
298259,76,3510500,Caraguatatuba,SP,CGT,983498,caraguatatuba,BR-SP-Caraguatatuba,12,"{""postalCode_ranges"": ""[11660-001 11679-999]""}"
298480,76,3510609,Carapicuíba,SP,CPC,176891,carapicuiba,BR-SP-Carapicuiba,11,"{""postalCode_ranges"": ""[06300-001 06399-999]""}"
298050,76,3510708,Cardoso,SP,CDS,1649954,cardoso,BR-SP-Cardoso,17,"{""postalCode_ranges"": ""[15570-000 15579-999]""}"
298104,76,3510807,Casa Branca,SP,CBR,1760459,casa.branca,BR-SP-CasaBranca,19,"{""postalCode_ranges"": ""[13700-000 13709-999]""}"
297992,76,3510906,Cássia dos Coqueiros,SP,CCQ,1760292,cassia.coqueiros,BR-SP-CassiaCoqueiros,16,"{""postalCode_ranges"": ""[14260-000 14269-999]""}"
298376,76,3511003,Castilho,SP,CTH,607594,castilho,BR-SP-Castilho,18,"{""postalCode_ranges"": ""[16920-000 16939-999]""}"
298080,76,3511102,Catanduva,SP,CTV,983683,catanduva,BR-SP-Catanduva,17,"{""postalCode_ranges"": ""[15800-001 15819-999]""}"
297924,76,3511201,Catiguá,SP,CTG,578408,catigua,BR-SP-Catigua,17,"{""postalCode_ranges"": ""[15870-000 15879-999]""}"
298301,76,3511300,Cedral,SP,CDL,1658493,cedral,BR-SP-Cedral,17,"{""postalCode_ranges"": ""[15895-000 15899-999]""}"
298367,76,3511409,Cerqueira César,SP,CQC,1750093,cerqueira.cesar,BR-SP-CerqueiraCesar,14,"{""postalCode_ranges"": ""[18760-000 18769-999]""}"
297944,76,3511508,Cerquilho,SP,CQH,1759399,cerquilho,BR-SP-Cerquilho,15,"{""postalCode_ranges"": ""[18520-000 18529-999]""}"
298110,76,3511607,Cesário Lange,SP,CSL,593009,cesario.lange,BR-SP-CesarioLange,15,"{""postalCode_ranges"": ""[18285-000 18289-999]""}"
298356,76,3511706,Charqueada,SP,CHQ,983515,charqueada,BR-SP-Charqueada,19,"{""postalCode_ranges"": ""[13515-000 13519-999]""}"
298208,76,3511904,Clementina,SP,CLM,1796388,clementina,BR-SP-Clementina,18,"{""postalCode_ranges"": ""[16250-000 16259-999]""}"
298506,76,3512001,Colina,SP,CLN,1761606,colina,BR-SP-Colina,17,"{""postalCode_ranges"": ""[14770-000 14774-999]""}"
298213,76,3512100,Colômbia,SP,CLB,1760531,colombia,BR-SP-Colombia,17,"{""postalCode_ranges"": ""[14795-000 14799-999]""}"
298410,76,3512209,Conchal,SP,CHL,1759722,conchal,BR-SP-Conchal,19,"{""postalCode_ranges"": ""[13835-000 13839-999]""}"
298004,76,3512308,Conchas,SP,CHS,1760352,conchas,BR-SP-Conchas,14,"{""postalCode_ranges"": ""[18570-000 18579-999]""}"
297926,76,3512407,Cordeirópolis,SP,COR,1750107,cordeiropolis,BR-SP-Cordeiropolis,19,"{""postalCode_ranges"": ""[13490-000 13494-999]""}"
298277,76,3512506,Coroados,SP,CRD,1761110,coroados,BR-SP-Coroados,18,"{""postalCode_ranges"": ""[16260-000 16264-999]""}"
298193,76,3512605,Coronel Macedo,SP,CRM,1759784,coronel.macedo,BR-SP-CoronelMacedo,14,"{""postalCode_ranges"": ""[18745-000 18759-999]""}"
297933,76,3512704,Corumbataí,SP,CBT,1750113,corumbatai,BR-SP-Corumbatai,19,"{""postalCode_ranges"": ""[13540-000 13549-999]""}"
298210,76,3512803,Cosmópolis,SP,CMS,1754569,cosmopolis,BR-SP-Cosmopolis,19,"{""postalCode_ranges"": ""[13150-000 13159-999]""}"
298161,76,3512902,Cosmorama,SP,CMR,1800779,cosmorama,BR-SP-Cosmorama,17,"{""postalCode_ranges"": ""[15530-000 15539-999]""}"
298252,76,3513009,Cotia,SP,COT,669305,cotia,BR-SP-Cotia,11,"{""postalCode_ranges"": ""[06700-001 06729-999]""}"
297946,76,3513108,Cravinhos,SP,CRV,1798797,cravinhos,BR-SP-Cravinhos,16,"{""postalCode_ranges"": ""[14140-000 14149-999]""}"
298348,76,3513207,Cristais Paulista,SP,CRP,1759841,cristais.paulista,BR-SP-CristaisPaulista,16,"{""postalCode_ranges"": ""[14460-000 14469-999]""}"
298323,76,3513306,Cruzália,SP,CZL,787070,cruzalia,BR-SP-Cruzalia,18,"{""postalCode_ranges"": ""[19860-000 19864-999]""}"
298459,76,3513405,Cruzeiro,SP,CRZ,1003429,cruzeiro,BR-SP-Cruzeiro,12,"{""postalCode_ranges"": ""[12700-001 12759-999]""}"
298437,76,3513504,Cubatão,SP,CUB,817954,cubatao,BR-SP-Cubatao,13,"{""postalCode_ranges"": ""[11500-001 11599-999]""}"
297895,76,3513603,Cunha,SP,CNH,1003456,cunha,BR-SP-Cunha,12,"{""postalCode_ranges"": ""[12530-000 12569-999]""}"
298371,76,3513702,Descalvado,SP,DCV,1761089,descalvado,BR-SP-Descalvado,19,"{""postalCode_ranges"": ""[13690-000 13699-999]""}"
298242,76,3513801,Diadema,SP,DDM,651891,diadema,BR-SP-Diadema,11,"{""postalCode_ranges"": ""[09900-001 09999-999]""}"
298183,76,3513850,Dirce Reis,SP,DIR,533932,dirce.reis,BR-SP-DirceReis,17,"{""postalCode_ranges"": ""[15715-000 15717-999]""}"
298148,76,3513900,Divinolândia,SP,DVL,588987,divinolandia,BR-SP-Divinolandia,19,"{""postalCode_ranges"": ""[13780-000 13789-999]""}"
298002,76,3514007,Dobrada,SP,DBR,1750204,dobrada,BR-SP-Dobrada,16,"{""postalCode_ranges"": ""[15980-000 15989-999]""}"
298409,76,3514106,Dois Córregos,SP,DCR,685613,dois.corregos,BR-SP-DoisCorregos,14,"{""postalCode_ranges"": ""[17300-000 17319-999]""}"
298369,76,3514205,Dolcinópolis,SP,DCN,1750096,dolcinopolis,BR-SP-Dolcinopolis,17,"{""postalCode_ranges"": ""[15740-000 15744-999]""}"
298017,76,3514304,Dourado,SP,DRD,1761435,dourado,BR-SP-Dourado,16,"{""postalCode_ranges"": ""[13590-000 13599-999]""}"
298536,76,3514403,Dracena,SP,DRC,1762529,dracena,BR-SP-Dracena,18,"{""postalCode_ranges"": ""[17900-000 17919-999]""}"
298268,76,3514502,Duartina,SP,DRT,303413,duartina,BR-SP-Duartina,14,"{""postalCode_ranges"": ""[17470-000 17474-999]""}"
298436,76,3514601,Dumont,SP,DUM,270048,dumont,BR-SP-Dumont,16,"{""postalCode_ranges"": ""[14120-000 14139-999]""}"
298191,76,3514700,Echaporã,SP,ECH,1759751,echapora,BR-SP-Echapora,18,"{""postalCode_ranges"": ""[19830-000 19839-999]""}"
298434,76,3514809,Eldorado,SP,ELD,921644,eldorado,BR-SP-Eldorado,13,"{""postalCode_ranges"": ""[11960-000 11989-999]""}"
297950,76,3514908,Elias Fausto,SP,ESF,1750262,elias.fausto,BR-SP-EliasFausto,19,"{""postalCode_ranges"": ""[13350-000 13359-999]""}"
298514,76,3514924,Elisiário,SP,ELS,928262,elisiario,BR-SP-Elisiario,17,"{""postalCode_ranges"": ""[15823-000 15824-999]""}"
298491,76,3514957,Embaúba,SP,EBB,657923,embauba,BR-SP-Embauba,17,"{""postalCode_ranges"": ""[15425-000 15429-999]""}"
298498,76,3515004,Embu das Artes,SP,EMB,651860,embu.artes,BR-SP-EmbuArtes,11,"{""postalCode_ranges"": ""[06800-001 06849-999]""}"
298523,76,3515103,Embu-Guaçu,SP,EMG,1749956,embu.guacu,BR-SP-EmbuGuacu,11,"{""postalCode_ranges"": ""[06900-000 06949-999]""}"
298386,76,3515129,Emilianópolis,SP,EML,928234,emilianopolis,BR-SP-Emilianopolis,18,"{""postalCode_ranges"": ""[19350-000 19359-999]""}"
298117,76,3515152,Engenheiro Coelho,SP,EGC,952726,engenheiro.coelho,BR-SP-EngenheiroCoelho,19,"{""postalCode_ranges"": ""[13165-000 13169-999]""}"
298116,76,3515186,Espírito Santo do Pinhal,SP,ESP,1649813,espirito.santo.pinhal,BR-SP-EspiritoSantoPinhal,19,"{""postalCode_ranges"": ""[13990-000 13994-999]""}"
298102,76,3515194,Espírito Santo do Turvo,SP,EST,1760344,espirito.santo.turvo,BR-SP-EspiritoSantoTurvo,14,"{""postalCode_ranges"": ""[18935-000 18939-999]""}"
298345,76,3515202,Estrela d'Oeste,SP,ESO,1648136,estrela.oeste,BR-SP-EstrelaOeste,17,"{""postalCode_ranges"": ""[15650-000 15669-999]""}"
297928,76,3515301,Estrela do Norte,SP,ESN,1795726,estrela.norte,BR-SP-EstrelaNorte,18,"{""postalCode_ranges"": ""[19230-000 19249-999]""}"
298101,76,3515350,Euclides da Cunha Paulista,SP,ECP,1760977,euclides.cunha.paulista,BR-SP-EuclidesCunhaPaulista,18,"{""postalCode_ranges"": ""[19275-000 19279-999]""}"
297917,76,3515400,Fartura,SP,FAR,536230,fartura,BR-SP-Fartura,14,"{""postalCode_ranges"": ""[18870-000 18889-999]""}"
297903,76,3515509,Fernandópolis,SP,FND,1648179,fernandopolis,BR-SP-Fernandopolis,17,"{""postalCode_ranges"": ""[15600-000 15619-999]""}"
298412,76,3515608,Fernando Prestes,SP,FNP,595318,fernando.prestes,BR-SP-FernandoPrestes,16,"{""postalCode_ranges"": ""[15940-000 15949-999]""}"
297901,76,3515657,Fernão,SP,FRN,301590,fernao,BR-SP-Fernao,14,"{""postalCode_ranges"": ""[17455-000 17469-999]""}"
298265,76,3515707,Ferraz de Vasconcelos,SP,FZV,1646968,ferraz.vasconcelos,BR-SP-FerrazVasconcelos,11,"{""postalCode_ranges"": ""[08500-001 08549-999]""}"
298262,76,3515806,Flora Rica,SP,FLR,1761725,flora.rica,BR-SP-FloraRica,18,"{""postalCode_ranges"": ""[17870-000 17879-999]""}"
297913,76,3515905,Floreal,SP,FRL,1760305,floreal,BR-SP-Floreal,17,"{""postalCode_ranges"": ""[15320-000 15329-999]""}"
298397,76,3516002,Flórida Paulista,SP,FLP,1761450,florida.paulista,BR-SP-FloridaPaulista,18,"{""postalCode_ranges"": ""[17830-000 17859-999]""}"
298187,76,3516101,Florínea,SP,FLN,1761119,florinea,BR-SP-Florinea,18,"{""postalCode_ranges"": ""[19870-000 19879-999]""}"
298530,76,3516200,Franca,SP,FRA,504587,franca,BR-SP-Franca,16,"{""postalCode_ranges"": ""[14400-001 14414-999]""}"
298057,76,3516309,Francisco Morato,SP,FRM,1646103,francisco.morato,BR-SP-FranciscoMorato,11,"{""postalCode_ranges"": ""[07900-001 07999-999]""}"
298411,76,3516408,Franco da Rocha,SP,FRR,657199,franco.rocha,BR-SP-FrancoRocha,11,"{""postalCode_ranges"": ""[07800-001 07899-999]""}"
297999,76,3516507,Gabriel Monteiro,SP,GBM,765636,gabriel.monteiro,BR-SP-GabrielMonteiro,18,"{""postalCode_ranges"": ""[16220-000 16229-999]""}"
298396,76,3516606,Gália,SP,GAL,1795526,galia,BR-SP-Galia,14,"{""postalCode_ranges"": ""[17450-000 17454-999]""}"
298157,76,3516705,Garça,SP,GAR,940614,garca,BR-SP-Garca,14,"{""postalCode_ranges"": ""[17400-000 17409-999]""}"
298064,76,3516804,Gastão Vidigal,SP,GSV,1760507,gastao.vidigal,BR-SP-GastaoVidigal,17,"{""postalCode_ranges"": ""[15330-000 15339-999]""}"
298524,76,3516853,Gavião Peixoto,SP,GPT,673597,gaviao.peixoto,BR-SP-GaviaoPeixoto,16,"{""postalCode_ranges"": ""[14813-000 14814-999]""}"
298525,76,3516903,General Salgado,SP,GES,1649675,general.salgado,BR-SP-GeneralSalgado,17,"{""postalCode_ranges"": ""[15300-000 15309-999]""}"
298336,76,3517000,Getulina,SP,GET,390022,getulina,BR-SP-Getulina,14,"{""postalCode_ranges"": ""[16450-000 16479-999]""}"
298040,76,3517109,Glicério,SP,GLI,1649685,glicerio,BR-SP-Glicerio,18,"{""postalCode_ranges"": ""[16270-000 16289-999]""}"
298403,76,3517208,Guaiçara,SP,GUA,1759801,guaicara,BR-SP-Guaicara,14,"{""postalCode_ranges"": ""[16430-000 16439-999]""}"
298472,76,3517307,Guaimbê,SP,GMB,1759791,guaimbe,BR-SP-Guaimbe,14,"{""postalCode_ranges"": ""[16480-000 16499-999]""}"
298257,76,3517406,Guaíra,SP,GRA,2013622,guaira,BR-SP-Guaira,17,"{""postalCode_ranges"": ""[14790-000 14794-999]""}"
298007,76,3517505,Guapiaçu,SP,GPI,1649865,guapiacu,BR-SP-Guapiacu,17,"{""postalCode_ranges"": ""[15110-000 15114-999]""}"
298194,76,3517604,Guapiara,SP,GPA,1798851,guapiara,BR-SP-Guapiara,15,"{""postalCode_ranges"": ""[18310-000 18314-999]""}"
298140,76,3517703,Guará,SP,GUR,985569,guara,BR-SP-Guara,16,"{""postalCode_ranges"": ""[14580-000 14599-999]""}"
298258,76,3517802,Guaraçaí,SP,GAI,1750066,guaracai,BR-SP-Guaracai,18,"{""postalCode_ranges"": ""[16980-000 16999-999]""}"
298063,76,3517901,Guaraci,SP,GCI,986503,guaraci,BR-SP-Guaraci,17,"{""postalCode_ranges"": ""[15420-000 15424-999]""}"
297993,76,3518008,Guarani d'Oeste,SP,GRO,1649834,guarani.oeste,BR-SP-GuaraniOeste,17,"{""postalCode_ranges"": ""[15680-000 15684-999]""}"
298440,76,3518107,Guarantã,SP,GRT,1649691,guaranta,BR-SP-Guaranta,14,"{""postalCode_ranges"": ""[16570-000 16599-999]""}"
298374,76,3518206,Guararapes,SP,GRR,739292,guararapes,BR-SP-Guararapes,18,"{""postalCode_ranges"": ""[16700-000 16749-999]""}"
298363,76,3518305,Guararema,SP,GRM,404820,guararema,BR-SP-Guararema,11,"{""postalCode_ranges"": ""[08900-000 08939-999]""}"
298076,76,3518404,Guaratinguetá,SP,GTG,905157,guaratingueta,BR-SP-Guaratingueta,12,"{""postalCode_ranges"": ""[12500-001 12524-999]""}"
297948,76,3518503,Guareí,SP,GRI,1798860,guarei,BR-SP-Guarei,15,"{""postalCode_ranges"": ""[18250-000 18254-999]""}"
298300,76,3518602,Guariba,SP,GRB,1759773,guariba,BR-SP-Guariba,16,"{""postalCode_ranges"": ""[14840-000 14849-999]""}"
298463,76,3518701,Guarujá,SP,GRJ,271374,guaruja,BR-SP-Guaruja,13,"{""postalCode_ranges"": ""[11400-001 11499-999]""}"
298165,76,3518800,Guarulhos,SP,GRH,184409,guarulhos,BR-SP-Guarulhos,11,"{""postalCode_ranges"": ""[07000-001 07399-999]""}"
297952,76,3518859,Guatapará,SP,GTR,1795651,guatapara,BR-SP-Guatapara,16,"{""postalCode_ranges"": ""[14115-000 14119-999]""}"
298427,76,3518909,Guzolândia,SP,GUZ,1648425,guzolandia,BR-SP-Guzolandia,17,"{""postalCode_ranges"": ""[15355-000 15359-999]""}"
298329,76,3519006,Herculândia,SP,HER,1759097,herculandia,BR-SP-Herculandia,14,"{""postalCode_ranges"": ""[17650-000 17669-999]""}"
297914,76,3519055,Holambra,SP,HOL,1638389,holambra,BR-SP-Holambra,19,"{""postalCode_ranges"": ""[13825-000 13829-999]""}"
298407,76,3519071,Hortolândia,SP,HRT,952617,hortolandia,BR-SP-Hortolandia,19,"{""postalCode_ranges"": ""[13183-001 13189-999]""}"
298390,76,3519105,Iacanga,SP,IAG,1648361,iacanga,BR-SP-Iacanga,14,"{""postalCode_ranges"": ""[17180-000 17189-999]""}"
298048,76,3519204,Iacri,SP,IAC,1759390,iacri,BR-SP-Iacri,14,"{""postalCode_ranges"": ""[17680-000 17689-999]""}"
298292,76,3519253,Iaras,SP,IRS,1648366,iaras,BR-SP-Iaras,14,"{""postalCode_ranges"": ""[18775-000 18779-999]""}"
298492,76,3519303,Ibaté,SP,IBT,1760989,ibate,BR-SP-Ibate,16,"{""postalCode_ranges"": ""[14815-000 14819-999]""}"
298308,76,3519402,Ibirá,SP,IBR,1751341,ibira,BR-SP-Ibira,17,"{""postalCode_ranges"": ""[15860-000 15869-999]""}"
298018,76,3519501,Ibirarema,SP,IBM,1760903,ibirarema,BR-SP-Ibirarema,14,"{""postalCode_ranges"": ""[19940-000 19959-999]""}"
298478,76,3519600,Ibitinga,SP,IBG,1649661,ibitinga,BR-SP-Ibitinga,16,"{""postalCode_ranges"": ""[14940-000 14954-999]""}"
297916,76,3519709,Ibiúna,SP,IBN,1795639,ibiuna,BR-SP-Ibiuna,15,"{""postalCode_ranges"": ""[18150-000 18159-999]""}"
298531,76,3519808,Icém,SP,ICM,967899,icem,BR-SP-Icem,17,"{""postalCode_ranges"": ""[15460-000 15469-999]""}"
297973,76,3519907,Iepê,SP,IEP,1760911,iepe,BR-SP-Iepe,18,"{""postalCode_ranges"": ""[19640-000 19644-999]""}"
298293,76,3520004,Igaraçu do Tietê,SP,IGT,1120318,igaracu.tiete,BR-SP-IgaracuTiete,14,"{""postalCode_ranges"": ""[17350-000 17359-999]""}"
297904,76,3520103,Igarapava,SP,IGP,578124,igarapava,BR-SP-Igarapava,16,"{""postalCode_ranges"": ""[14540-000 14549-999]""}"
297966,76,3520202,Igaratá,SP,IGR,1759478,igarata,BR-SP-Igarata,11,"{""postalCode_ranges"": ""[12350-000 12379-999]""}"
298473,76,3520301,Iguape,SP,IGU,1646941,iguape,BR-SP-Iguape,13,"{""postalCode_ranges"": ""[11920-000 11924-999]""}"
298379,76,3520400,Ilhabela,SP,ILH,945061,ilhabela,BR-SP-Ilhabela,12,"{""postalCode_ranges"": ""[11630-000 11659-999]""}"
297988,76,3520426,Ilha Comprida,SP,ICP,1645056,ilha.comprida,BR-SP-IlhaComprida,13,"{""postalCode_ranges"": ""[11925-000 11929-999]""}"
298198,76,3520442,Ilha Solteira,SP,ILS,1649828,ilha.solteira,BR-SP-IlhaSolteira,18,"{""postalCode_ranges"": ""[15385-000 15389-999]""}"
298256,76,3520509,Indaiatuba,SP,IDT,616650,indaiatuba,BR-SP-Indaiatuba,19,"{""postalCode_ranges"": ""[13330-001 13349-999]""}"
297960,76,3520608,Indiana,SP,IND,2287960,indiana,BR-SP-Indiana,18,"{""postalCode_ranges"": ""[19560-000 19569-999]""}"
298049,76,3520707,Indiaporã,SP,INP,1649876,indiapora,BR-SP-Indiapora,17,"{""postalCode_ranges"": ""[15690-000 15699-999]""}"
298377,76,3520806,Inúbia Paulista,SP,IBP,1761742,inubia.paulista,BR-SP-InubiaPaulista,18,"{""postalCode_ranges"": ""[17760-000 17779-999]""}"
297985,76,3520905,Ipaussu,SP,IPA,1648200,ipaussu,BR-SP-Ipaussu,14,"{""postalCode_ranges"": ""[18950-000 18959-999]""}"
298236,76,3521002,Iperó,SP,IPR,1760282,ipero,BR-SP-Ipero,15,"{""postalCode_ranges"": ""[18560-000 18569-999]""}"
298184,76,3521101,Ipeúna,SP,IPN,1648184,ipeuna,BR-SP-Ipeuna,19,"{""postalCode_ranges"": ""[13537-000 13539-999]""}"
298272,76,3521150,Ipiguá,SP,IGA,1648118,ipigua,BR-SP-Ipigua,17,"{""postalCode_ranges"": ""[15108-000 15109-999]""}"
298533,76,3521200,Iporanga,SP,IPG,593535,iporanga,BR-SP-Iporanga,15,"{""postalCode_ranges"": ""[18330-000 18359-999]""}"
298052,76,3521309,Ipuã,SP,IPU,1759394,ipua,BR-SP-Ipua,16,"{""postalCode_ranges"": ""[14610-000 14619-999]""}"
298240,76,3521408,Iracemápolis,SP,IRC,733787,iracemapolis,BR-SP-Iracemapolis,19,"{""postalCode_ranges"": ""[13495-000 13499-999]""}"
298135,76,3521507,Irapuã,SP,IRP,1800682,irapua,BR-SP-Irapua,17,"{""postalCode_ranges"": ""[14990-000 14999-999]""}"
298432,76,3521606,Irapuru,SP,IRU,748218,irapuru,BR-SP-Irapuru,18,"{""postalCode_ranges"": ""[17880-000 17889-999]""}"
298448,76,3521705,Itaberá,SP,ITB,920242,itabera,BR-SP-Itabera,15,"{""postalCode_ranges"": ""[18440-000 18459-999]""}"
298224,76,3521804,Itaí,SP,ITA,1648305,itai,BR-SP-Itai,14,"{""postalCode_ranges"": ""[18730-000 18739-999]""}"
298206,76,3521903,Itajobi,SP,IJO,1759769,itajobi,BR-SP-Itajobi,17,"{""postalCode_ranges"": ""[15840-000 15844-999]""}"
298225,76,3522000,Itaju,SP,IJU,926176,itaju,BR-SP-Itaju,14,"{""postalCode_ranges"": ""[17260-000 17269-999]""}"
298298,76,3522109,Itanhaém,SP,ITH,983491,itanhaem,BR-SP-Itanhaem,13,"{""postalCode_ranges"": ""[11740-000 11749-999]""}"
298372,76,3522158,Itaóca,SP,ITC,1760856,itaoca,BR-SP-Itaoca,15,"{""postalCode_ranges"": ""[18360-000 18379-999]""}"
298311,76,3522208,Itapecerica da Serra,SP,ICS,926662,itapecerica.serra,BR-SP-ItapecericaSerra,11,"{""postalCode_ranges"": ""[06850-001 06889-999]""}"
298289,76,3522307,Itapetininga,SP,ITG,942071,itapetininga,BR-SP-Itapetininga,15,"{""postalCode_ranges"": ""[18200-001 18219-999]""}"
298034,76,3522406,Itapeva,SP,ITV,1808590,itapeva,BR-SP-Itapeva,15,"{""postalCode_ranges"": ""[18400-001 18424-999]""}"
298353,76,3522505,Itapevi,SP,IPV,955510,itapevi,BR-SP-Itapevi,11,"{""postalCode_ranges"": ""[06650-001 06699-999]""}"
298454,76,3522604,Itapira,SP,IPI,1760028,itapira,BR-SP-Itapira,19,"{""postalCode_ranges"": ""[13970-001 13989-999]""}"
298195,76,3522653,Itapirapuã Paulista,SP,ITS,1761081,itapirapua.paulista,BR-SP-ItapirapuaPaulista,15,"{""postalCode_ranges"": ""[18385-000 18399-999]""}"
298430,76,3522703,Itápolis,SP,IPS,745307,itapolis,BR-SP-Itapolis,16,"{""postalCode_ranges"": ""[14900-000 14909-999]""}"
298471,76,3522802,Itaporanga,SP,IRG,1808177,itaporanga,BR-SP-Itaporanga,15,"{""postalCode_ranges"": ""[18480-000 18489-999]""}"
298419,76,3522901,Itapuí,SP,ITI,1759716,itapui,BR-SP-Itapui,14,"{""postalCode_ranges"": ""[17230-000 17239-999]""}"
298384,76,3523008,Itapura,SP,IRA,1649848,itapura,BR-SP-Itapura,18,"{""postalCode_ranges"": ""[15390-000 15399-999]""}"
298071,76,3523107,Itaquaquecetuba,SP,IQT,330202,itaquaquecetuba,BR-SP-Itaquaquecetuba,11,"{""postalCode_ranges"": ""[08570-001 08599-999]""}"
297896,76,3523206,Itararé,SP,IRR,985581,itarare,BR-SP-Itarare,15,"{""postalCode_ranges"": ""[18460-000 18469-999]""}"
298073,76,3523305,Itariri,SP,IRI,579753,itariri,BR-SP-Itariri,13,"{""postalCode_ranges"": ""[11760-000 11789-999]""}"
297965,76,3523404,Itatiba,SP,ITT,773065,itatiba,BR-SP-Itatiba,11,"{""postalCode_ranges"": ""[13250-001 13259-999]""}"
298152,76,3523503,Itatinga,SP,ITN,1648194,itatinga,BR-SP-Itatinga,14,"{""postalCode_ranges"": ""[18690-000 18699-999]""}"
298121,76,3523602,Itirapina,SP,ITR,1759703,itirapina,BR-SP-Itirapina,19,"{""postalCode_ranges"": ""[13530-000 13536-999]""}"
298296,76,3523701,Itirapuã,SP,ITP,1760228,itirapua,BR-SP-Itirapua,16,"{""postalCode_ranges"": ""[14420-000 14429-999]""}"
298500,76,3523800,Itobi,SP,ITO,1648420,itobi,BR-SP-Itobi,19,"{""postalCode_ranges"": ""[13715-000 13719-999]""}"
298216,76,3523909,Itu,SP,ITU,957653,itu,BR-SP-Itu,11,"{""postalCode_ranges"": ""[13300-001 13314-999]""}"
298331,76,3524006,Itupeva,SP,IVA,734333,itupeva,BR-SP-Itupeva,11,"{""postalCode_ranges"": ""[13295-000 13299-999]""}"
298429,76,3524105,Ituverava,SP,IVR,1649852,ituverava,BR-SP-Ituverava,16,"{""postalCode_ranges"": ""[14500-000 14529-999]""}"
298388,76,3524204,Jaborandi,SP,JBR,1808261,jaborandi,BR-SP-Jaborandi,17,"{""postalCode_ranges"": ""[14775-000 14779-999]""}"
297912,76,3524303,Jaboticabal,SP,JBT,938162,jaboticabal,BR-SP-Jaboticabal,16,"{""postalCode_ranges"": ""[14870-001 14899-999]""}"
298234,76,3524402,Jacareí,SP,JCR,655363,jacarei,BR-SP-Jacarei,12,"{""postalCode_ranges"": ""[12300-001 12349-999]""}"
298260,76,3524501,Jaci,SP,JCI,1760848,jaci,BR-SP-Jaci,17,"{""postalCode_ranges"": ""[15155-000 15159-999]""}"
298383,76,3524600,Jacupiranga,SP,JCG,985506,jacupiranga,BR-SP-Jacupiranga,13,"{""postalCode_ranges"": ""[11940-000 11949-999]""}"
297900,76,3524709,Jaguariúna,SP,JGR,1645067,jaguariuna,BR-SP-Jaguariuna,19,"{""postalCode_ranges"": ""[13820-000 13824-999]""}"
298022,76,3524808,Jales,SP,JAL,1649949,jales,BR-SP-Jales,17,"{""postalCode_ranges"": ""[15700-001 15709-999]""}"
298129,76,3524907,Jambeiro,SP,JAM,1759377,jambeiro,BR-SP-Jambeiro,12,"{""postalCode_ranges"": ""[12270-000 12279-999]""}"
298226,76,3525003,Jandira,SP,JAD,1646970,jandira,BR-SP-Jandira,11,"{""postalCode_ranges"": ""[06600-001 06649-999]""}"
298361,76,3525102,Jardinópolis,SP,JDP,1798789,jardinopolis,BR-SP-Jardinopolis,16,"{""postalCode_ranges"": ""[14680-000 14699-999]""}"
298153,76,3525201,Jarinu,SP,JAR,639848,jarinu,BR-SP-Jarinu,11,"{""postalCode_ranges"": ""[13240-000 13249-999]""}"
298378,76,3525300,Jaú,SP,JAU,1759235,jau,BR-SP-Jau,14,"{""postalCode_ranges"": ""[17200-001 17229-999]""}"
298112,76,3525409,Jeriquara,SP,JRQ,550446,jeriquara,BR-SP-Jeriquara,16,"{""postalCode_ranges"": ""[14450-000 14459-999]""}"
298177,76,3525508,Joanópolis,SP,JNP,1760327,joanopolis,BR-SP-Joanopolis,11,"{""postalCode_ranges"": ""[12980-000 12989-999]""}"
298118,76,3525607,João Ramalho,SP,JRH,1760921,joao.ramalho,BR-SP-JoaoRamalho,18,"{""postalCode_ranges"": ""[19680-000 19699-999]""}"
298095,76,3525706,José Bonifácio,SP,JBF,595976,jose.bonifacio,BR-SP-JoseBonifacio,17,"{""postalCode_ranges"": ""[15200-000 15209-999]""}"
298322,76,3536257,Parisi,SP,PAS,523550,parisi,BR-SP-Parisi,17,"{""postalCode_ranges"": ""[15525-000 15529-999]""}"
297982,76,3525805,Júlio Mesquita,SP,JLM,1759758,julio.mesquita,BR-SP-JulioMesquita,14,"{""postalCode_ranges"": ""[17550-000 17559-999]""}"
297957,76,3525854,Jumirim,SP,JMR,1649822,jumirim,BR-SP-Jumirim,15,"{""postalCode_ranges"": ""[18535-000 18539-999]""}"
297991,76,3525904,Jundiaí,SP,JUN,275109,jundiai,BR-SP-Jundiai,11,"{""postalCode_ranges"": ""[13200-001 13219-999]""}"
298475,76,3526001,Junqueirópolis,SP,JQL,1754616,junqueiropolis,BR-SP-Junqueiropolis,18,"{""postalCode_ranges"": ""[17890-000 17899-999]""}"
298026,76,3526100,Juquiá,SP,JQA,1760417,juquia,BR-SP-Juquia,13,"{""postalCode_ranges"": ""[11800-000 11849-999]""}"
298166,76,3526209,Juquitiba,SP,JQT,1760410,juquitiba,BR-SP-Juquitiba,11,"{""postalCode_ranges"": ""[06950-000 06999-999]""}"
298158,76,3526308,Lagoinha,SP,LGH,1759587,lagoinha,BR-SP-Lagoinha,12,"{""postalCode_ranges"": ""[12130-000 12139-999]""}"
297897,76,3526407,Laranjal Paulista,SP,LRP,1795659,laranjal.paulista,BR-SP-LaranjalPaulista,15,"{""postalCode_ranges"": ""[18500-000 18519-999]""}"
297921,76,3526506,Lavínia,SP,LVN,1648319,lavinia,BR-SP-Lavinia,18,"{""postalCode_ranges"": ""[16850-000 16879-999]""}"
297943,76,3526605,Lavrinhas,SP,LVR,1760064,lavrinhas,BR-SP-Lavrinhas,12,"{""postalCode_ranges"": ""[12760-000 12799-999]""}"
297974,76,3526704,Leme,SP,LME,582880,leme,BR-SP-Leme,19,"{""postalCode_ranges"": ""[13610-001 13624-999]""}"
298054,76,3526803,Lençóis Paulista,SP,LEP,1649601,lencois.paulista,BR-SP-LencoisPaulista,14,"{""postalCode_ranges"": ""[18680-001 18689-999]""}"
297919,76,3526902,Limeira,SP,LIM,841241,limeira,BR-SP-Limeira,19,"{""postalCode_ranges"": ""[13480-001 13489-999]""}"
297898,76,3527009,Lindóia,SP,LID,1439170,lindoia,BR-SP-Lindoia,19,"{""postalCode_ranges"": ""[13950-000 13959-999]""}"
298486,76,3527108,Lins,SP,LIN,1750605,lins,BR-SP-Lins,14,"{""postalCode_ranges"": ""[16400-001 16429-999]""}"
297911,76,3527207,Lorena,SP,LOR,1948966,lorena,BR-SP-Lorena,12,"{""postalCode_ranges"": ""[12600-001 12614-999]""}"
298354,76,3527256,Lourdes,SP,LUR,679297,lourdes,BR-SP-Lourdes,18,"{""postalCode_ranges"": ""[15285-000 15289-999]""}"
298497,76,3527306,Louveira,SP,LUV,1795673,louveira,BR-SP-Louveira,19,"{""postalCode_ranges"": ""[13290-000 13294-999]""}"
298261,76,3527405,Lucélia,SP,LCL,1761493,lucelia,BR-SP-Lucelia,18,"{""postalCode_ranges"": ""[17780-000 17789-999]""}"
298020,76,3527504,Lucianópolis,SP,LCN,1649645,lucianopolis,BR-SP-Lucianopolis,14,"{""postalCode_ranges"": ""[17475-000 17479-999]""}"
297920,76,3527603,Luís Antônio,SP,LAN,1760024,luis.antonio,BR-SP-LuisAntonio,16,"{""postalCode_ranges"": ""[14210-000 14229-999]""}"
297954,76,3527702,Luiziânia,SP,LZN,1761054,luiziania,BR-SP-Luiziania,18,"{""postalCode_ranges"": ""[16340-000 16349-999]""}"
298404,76,3527801,Lupércio,SP,LPC,1796418,lupercio,BR-SP-Lupercio,14,"{""postalCode_ranges"": ""[17420-000 17429-999]""}"
298107,76,3527900,Lutécia,SP,LTC,1649656,lutecia,BR-SP-Lutecia,18,"{""postalCode_ranges"": ""[19750-000 19769-999]""}"
298373,76,3528007,Macatuba,SP,MTB,1653558,macatuba,BR-SP-Macatuba,14,"{""postalCode_ranges"": ""[17290-000 17299-999]""}"
298122,76,3528106,Macaubal,SP,MCB,1649831,macaubal,BR-SP-Macaubal,17,"{""postalCode_ranges"": ""[15270-000 15274-999]""}"
298246,76,3528205,Macedônia,SP,MCD,522002,macedonia,BR-SP-Macedonia,17,"{""postalCode_ranges"": ""[15620-000 15624-999]""}"
298032,76,3528304,Magda,SP,MGD,1796340,magda,BR-SP-Magda,17,"{""postalCode_ranges"": ""[15310-000 15312-999]""}"
298181,76,3528403,Mairinque,SP,MRQ,1760053,mairinque,BR-SP-Mairinque,11,"{""postalCode_ranges"": ""[18120-000 18124-999]""}"
298169,76,3528502,Mairiporã,SP,MRI,931560,mairipora,BR-SP-Mairipora,11,"{""postalCode_ranges"": ""[07600-000 07699-999]""}"
297994,76,3528601,Manduri,SP,MDR,1800707,manduri,BR-SP-Manduri,14,"{""postalCode_ranges"": ""[18780-000 18789-999]""}"
298303,76,3528700,Marabá Paulista,SP,MBP,1760917,maraba.paulista,BR-SP-MarabaPaulista,18,"{""postalCode_ranges"": ""[19430-000 19449-999]""}"
298457,76,3528809,Maracaí,SP,MRC,1760928,maracai,BR-SP-Maracai,18,"{""postalCode_ranges"": ""[19840-000 19859-999]""}"
298254,76,3528858,Marapoama,SP,MAM,1759832,marapoama,BR-SP-Marapoama,17,"{""postalCode_ranges"": ""[15845-000 15849-999]""}"
298370,76,3528908,Mariápolis,SP,MRP,1795750,mariapolis,BR-SP-Mariapolis,18,"{""postalCode_ranges"": ""[17810-000 17829-999]""}"
298306,76,3529005,Marília,SP,MAR,737660,marilia,BR-SP-Marilia,14,"{""postalCode_ranges"": ""[17500-001 17539-999]""}"
298447,76,3529104,Marinópolis,SP,MNO,1648293,marinopolis,BR-SP-Marinopolis,17,"{""postalCode_ranges"": ""[15730-000 15734-999]""}"
297941,76,3529203,Martinópolis,SP,MTO,1800770,martinopolis,BR-SP-Martinopolis,18,"{""postalCode_ranges"": ""[19500-000 19529-999]""}"
298082,76,3529302,Matão,SP,MAT,1649629,matao,BR-SP-Matao,16,"{""postalCode_ranges"": ""[15990-001 15999-999]""}"
297922,76,3529401,Mauá,SP,MAU,331300,maua,BR-SP-Maua,11,"{""postalCode_ranges"": ""[09300-001 09399-999]""}"
298534,76,3529500,Mendonça,SP,MED,1800752,mendonca,BR-SP-Mendonca,17,"{""postalCode_ranges"": ""[15220-000 15224-999]""}"
298479,76,3529609,Meridiano,SP,MDN,946326,meridiano,BR-SP-Meridiano,17,"{""postalCode_ranges"": ""[15625-000 15629-999]""}"
298088,76,3529658,Mesópolis,SP,MES,1759241,mesopolis,BR-SP-Mesopolis,17,"{""postalCode_ranges"": ""[15748-000 15749-999]""}"
298123,76,3529708,Miguelópolis,SP,MGP,1759485,miguelopolis,BR-SP-Miguelopolis,16,"{""postalCode_ranges"": ""[14530-000 14539-999]""}"
298154,76,3529807,Mineiros do Tietê,SP,MNT,1759649,mineiros.tiete,BR-SP-MineirosTiete,14,"{""postalCode_ranges"": ""[17320-000 17339-999]""}"
298243,76,3529906,Miracatu,SP,MRT,1760269,miracatu,BR-SP-Miracatu,13,"{""postalCode_ranges"": ""[11850-000 11899-999]""}"
298100,76,3530003,Mira Estrela,SP,MRE,1649682,mira.estrela,BR-SP-MiraEstrela,17,"{""postalCode_ranges"": ""[15580-000 15599-999]""}"
298149,76,3530102,Mirandópolis,SP,MDP,1645072,mirandopolis,BR-SP-Mirandopolis,18,"{""postalCode_ranges"": ""[16800-000 16849-999]""}"
298188,76,3530201,Mirante do Paranapanema,SP,MPR,383765,mirante.paranapanema,BR-SP-MiranteParanapanema,18,"{""postalCode_ranges"": ""[19260-000 19272-999]""}"
298200,76,3530300,Mirassol,SP,MSS,648757,mirassol,BR-SP-Mirassol,17,"{""postalCode_ranges"": ""[15130-000 15139-999]""}"
297951,76,3530409,Mirassolândia,SP,MSL,953341,mirassolandia,BR-SP-Mirassolandia,17,"{""postalCode_ranges"": ""[15145-000 15149-999]""}"
298286,76,3530508,Mococa,SP,MOC,1760484,mococa,BR-SP-Mococa,19,"{""postalCode_ranges"": ""[13730-001 13759-999]""}"
298415,76,3530607,Mogi das Cruzes,SP,MCZ,194332,mogi.cruzes,BR-SP-MogiCruzes,11,"{""postalCode_ranges"": ""[08700-001 08899-999]""}"
298487,76,3530706,Mogi Guaçu,SP,MGG,956172,mogi.guacu,BR-SP-MogiGuacu,19,"{""postalCode_ranges"": ""[13840-001 13856-999]""}"
298036,76,3530805,Mogi Mirim,SP,MMR,600310,mogi.mirim,BR-SP-MogiMirim,19,"{""postalCode_ranges"": ""[13800-001 13819-999]""}"
298276,76,3530904,Mombuca,SP,MBC,745014,mombuca,BR-SP-Mombuca,19,"{""postalCode_ranges"": ""[13375-000 13379-999]""}"
298481,76,3531001,Monções,SP,MON,1774484,moncoes,BR-SP-Moncoes,17,"{""postalCode_ranges"": ""[15275-000 15279-999]""}"
297939,76,3531100,Mongaguá,SP,MOG,983529,mongagua,BR-SP-Mongagua,13,"{""postalCode_ranges"": ""[11730-000 11739-999]""}"
298186,76,3531209,Monte Alegre do Sul,SP,MAS,1750211,monte.alegre.sul,BR-SP-MonteAlegreSul,19,"{""postalCode_ranges"": ""[13910-000 13919-999]""}"
298263,76,3531308,Monte Alto,SP,MNA,1760626,monte.alto,BR-SP-MonteAlto,16,"{""postalCode_ranges"": ""[15910-000 15919-999]""}"
298392,76,3531407,Monte Aprazível,SP,MAZ,1648289,monte.aprazivel,BR-SP-MonteAprazivel,17,"{""postalCode_ranges"": ""[15150-000 15154-999]""}"
298182,76,3531506,Monte Azul Paulista,SP,MAP,1800695,monte.azul.paulista,BR-SP-MonteAzulPaulista,17,"{""postalCode_ranges"": ""[14730-000 14734-999]""}"
297964,76,3531605,Monte Castelo,SP,MCL,510736,monte.castelo,BR-SP-MonteCastelo,18,"{""postalCode_ranges"": ""[17960-000 17969-999]""}"
298450,76,3531704,Monteiro Lobato,SP,MLB,1760453,monteiro.lobato,BR-SP-MonteiroLobato,12,"{""postalCode_ranges"": ""[12250-000 12259-999]""}"
298449,76,3531803,Monte Mor,SP,MOR,784207,monte.mor,BR-SP-MonteMor,19,"{""postalCode_ranges"": ""[13190-000 13199-999]""}"
297929,76,3531902,Morro Agudo,SP,MAG,1759626,morro.agudo,BR-SP-MorroAgudo,16,"{""postalCode_ranges"": ""[14640-000 14659-999]""}"
298136,76,3532009,Morungaba,SP,MGB,985507,morungaba,BR-SP-Morungaba,11,"{""postalCode_ranges"": ""[13260-000 13269-999]""}"
298458,76,3532058,Motuca,SP,MTC,1761747,motuca,BR-SP-Motuca,16,"{""postalCode_ranges"": ""[14835-000 14839-999]""}"
298132,76,3532108,Murutinga do Sul,SP,MGS,1649943,murutinga.sul,BR-SP-MurutingaSul,18,"{""postalCode_ranges"": ""[16950-000 16979-999]""}"
298290,76,3532157,Nantes,SP,NNT,1119526,nantes,BR-SP-Nantes,18,"{""postalCode_ranges"": ""[19645-000 19679-999]""}"
298309,76,3532207,Narandiba,SP,NRD,1760403,narandiba,BR-SP-Narandiba,18,"{""postalCode_ranges"": ""[19220-000 19229-999]""}"
298425,76,3532306,Natividade da Serra,SP,NTS,1759364,natividade.serra,BR-SP-NatividadeSerra,12,"{""postalCode_ranges"": ""[12180-000 12199-999]""}"
298264,76,3532405,Nazaré Paulista,SP,NZP,1760585,nazare.paulista,BR-SP-NazarePaulista,11,"{""postalCode_ranges"": ""[12960-000 12969-999]""}"
298509,76,3532504,Neves Paulista,SP,NEP,1648196,neves.paulista,BR-SP-NevesPaulista,17,"{""postalCode_ranges"": ""[15120-000 15129-999]""}"
298270,76,3532603,Nhandeara,SP,NHD,1649650,nhandeara,BR-SP-Nhandeara,17,"{""postalCode_ranges"": ""[15190-000 15199-999]""}"
298515,76,3532702,Nipoã,SP,NIP,1649872,nipoa,BR-SP-Nipoa,17,"{""postalCode_ranges"": ""[15240-000 15249-999]""}"
297902,76,3532801,Nova Aliança,SP,NVA,1648146,nova.alianca,BR-SP-NovaAlianca,17,"{""postalCode_ranges"": ""[15210-000 15219-999]""}"
298014,76,3532827,Nova Campina,SP,NVC,946930,nova.campina,BR-SP-NovaCampina,15,"{""postalCode_ranges"": ""[18435-000 18439-999]""}"
298402,76,3532843,Nova Canaã Paulista,SP,NVP,526722,nova.canaa.paulista,BR-SP-NovaCanaaPaulista,17,"{""postalCode_ranges"": ""[15773-000 15774-999]""}"
298288,76,3532868,Nova Castilho,SP,NCH,282667,nova.castilho,BR-SP-NovaCastilho,17,"{""postalCode_ranges"": ""[15313-000 15314-999]""}"
298281,76,3532900,Nova Europa,SP,NVE,1761695,nova.europa,BR-SP-NovaEuropa,16,"{""postalCode_ranges"": ""[14920-000 14929-999]""}"
298529,76,3533007,Nova Granada,SP,NVG,1648342,nova.granada,BR-SP-NovaGranada,17,"{""postalCode_ranges"": ""[15440-000 15449-999]""}"
297972,76,3533106,Nova Guataporanga,SP,NGT,1760106,nova.guataporanga,BR-SP-NovaGuataporanga,18,"{""postalCode_ranges"": ""[17950-000 17959-999]""}"
298060,76,3533205,Nova Independência,SP,NVI,1649857,nova.independencia,BR-SP-NovaIndependencia,18,"{""postalCode_ranges"": ""[16940-000 16949-999]""}"
298526,76,3533254,Novais,SP,NVS,567821,novais,BR-SP-Novais,17,"{""postalCode_ranges"": ""[15885-000 15889-999]""}"
298230,76,3533304,Nova Luzitânia,SP,NVL,1648351,nova.luzitania,BR-SP-NovaLuzitania,17,"{""postalCode_ranges"": ""[15340-000 15349-999]""}"
298077,76,3533403,Nova Odessa,SP,NVO,1648345,nova.odessa,BR-SP-NovaOdessa,19,"{""postalCode_ranges"": ""[13380-001 13389-999]""}"
298133,76,3533502,Novo Horizonte,SP,NVH,1815907,novo.horizonte,BR-SP-NovoHorizonte,17,"{""postalCode_ranges"": ""[14960-000 14979-999]""}"
298328,76,3533601,Nuporanga,SP,NUP,664158,nuporanga,BR-SP-Nuporanga,16,"{""postalCode_ranges"": ""[14670-000 14679-999]""}"
298015,76,3533700,Ocauçu,SP,OCA,773141,ocaucu,BR-SP-Ocaucu,14,"{""postalCode_ranges"": ""[17540-000 17549-999]""}"
297997,76,3533809,Óleo,SP,OLO,658024,oleo,BR-SP-Oleo,14,"{""postalCode_ranges"": ""[18790-000 18799-999]""}"
298119,76,3533908,Olímpia,SP,OLP,636096,olimpia,BR-SP-Olimpia,17,"{""postalCode_ranges"": ""[15400-000 15409-999]""}"
298477,76,3534005,Onda Verde,SP,ONV,1760526,onda.verde,BR-SP-OndaVerde,17,"{""postalCode_ranges"": ""[15450-000 15459-999]""}"
298241,76,3534104,Oriente,SP,ORT,677348,oriente,BR-SP-Oriente,14,"{""postalCode_ranges"": ""[17570-000 17579-999]""}"
298093,76,3534203,Orindiúva,SP,ORD,1648416,orindiuva,BR-SP-Orindiuva,17,"{""postalCode_ranges"": ""[15480-000 15489-999]""}"
298466,76,3534302,Orlândia,SP,ORL,1759384,orlandia,BR-SP-Orlandia,16,"{""postalCode_ranges"": ""[14620-000 14639-999]""}"
298470,76,3534401,Osasco,SP,OSC,4035,osasco,BR-SP-Osasco,11,"{""postalCode_ranges"": ""[06000-001 06299-999]""}"
298291,76,3534500,Oscar Bressane,SP,OCB,1759798,oscar.bressane,BR-SP-OscarBressane,14,"{""postalCode_ranges"": ""[19770-000 19779-999]""}"
298527,76,3534609,Osvaldo Cruz,SP,OVC,1761462,osvaldo.cruz,BR-SP-OsvaldoCruz,18,"{""postalCode_ranges"": ""[17700-000 17709-999]""}"
298375,76,3534708,Ourinhos,SP,OUR,985605,ourinhos,BR-SP-Ourinhos,14,"{""postalCode_ranges"": ""[19900-001 19919-999]""}"
298096,76,3534757,Ouroeste,SP,OST,1649670,ouroeste,BR-SP-Ouroeste,17,"{""postalCode_ranges"": ""[15685-000 15689-999]""}"
297910,76,3534807,Ouro Verde,SP,OVD,1815951,ouro.verde,BR-SP-OuroVerde,18,"{""postalCode_ranges"": ""[17920-000 17929-999]""}"
298521,76,3534906,Pacaembu,SP,PBU,1795852,pacaembu,BR-SP-Pacaembu,18,"{""postalCode_ranges"": ""[17860-000 17869-999]""}"
297959,76,3535002,Palestina,SP,PAL,1816305,palestina,BR-SP-Palestina,17,"{""postalCode_ranges"": ""[15470-000 15479-999]""}"
297899,76,3535101,Palmares Paulista,SP,PLP,1760543,palmares.paulista,BR-SP-PalmaresPaulista,17,"{""postalCode_ranges"": ""[15828-000 15829-999]""}"
298385,76,3535200,Palmeira d'Oeste,SP,PLO,1645095,palmeira.oeste,BR-SP-PalmeiraOeste,17,"{""postalCode_ranges"": ""[15720-000 15729-999]""}"
298537,76,3535309,Palmital,SP,PMT,1760365,palmital,BR-SP-Palmital,18,"{""postalCode_ranges"": ""[19970-000 19989-999]""}"
298337,76,3535408,Panorama,SP,PNR,955544,panorama,BR-SP-Panorama,18,"{""postalCode_ranges"": ""[17980-000 17989-999]""}"
298400,76,3535507,Paraguaçu Paulista,SP,PGP,1760760,paraguacu.paulista,BR-SP-ParaguacuPaulista,18,"{""postalCode_ranges"": ""[19700-000 19739-999]""}"
297932,76,3535606,Paraibuna,SP,PBN,1759639,paraibuna,BR-SP-Paraibuna,12,"{""postalCode_ranges"": ""[12260-000 12269-999]""}"
298058,76,3535705,Paraíso,SP,PRS,1760478,paraiso,BR-SP-Paraiso,17,"{""postalCode_ranges"": ""[15825-000 15827-999]""}"
298501,76,3535804,Paranapanema,SP,PPM,1760996,paranapanema,BR-SP-Paranapanema,14,"{""postalCode_ranges"": ""[18720-000 18729-999]""}"
298139,76,3535903,Paranapuã,SP,PRN,633898,paranapua,BR-SP-Paranapua,17,"{""postalCode_ranges"": ""[15745-000 15747-999]""}"
298144,76,3536000,Parapuã,SP,PRP,1761717,parapua,BR-SP-Parapua,18,"{""postalCode_ranges"": ""[17730-000 17739-999]""}"
298347,76,3536109,Pardinho,SP,PRD,933191,pardinho,BR-SP-Pardinho,14,"{""postalCode_ranges"": ""[18640-000 18649-999]""}"
297990,76,3536208,Pariquera-Açu,SP,PQA,1760286,pariquera.acu,BR-SP-PariqueraAcu,13,"{""postalCode_ranges"": ""[11930-000 11939-999]""}"
298066,76,3536307,Patrocínio Paulista,SP,PTP,1759984,patrocinio.paulista,BR-SP-PatrocinioPaulista,16,"{""postalCode_ranges"": ""[14415-000 14419-999]""}"
298418,76,3536406,Paulicéia,SP,PLC,1649677,pauliceia,BR-SP-Pauliceia,18,"{""postalCode_ranges"": ""[17990-000 17999-999]""}"
297938,76,3536505,Paulínia,SP,PLN,40706,paulinia,BR-SP-Paulinia,19,"{""postalCode_ranges"": ""[13140-001 13149-999]""}"
298332,76,3536570,Paulistânia,SP,PST,1648436,paulistania,BR-SP-Paulistania,14,"{""postalCode_ranges"": ""[17150-000 17159-999]""}"
298220,76,3536604,Paulo de Faria,SP,PLF,1648123,paulo.faria,BR-SP-PauloFaria,17,"{""postalCode_ranges"": ""[15490-000 15494-999]""}"
298469,76,3536703,Pederneiras,SP,PDN,1795537,pederneiras,BR-SP-Pederneiras,14,"{""postalCode_ranges"": ""[17280-000 17289-999]""}"
298321,76,3536802,Pedra Bela,SP,PDB,1649666,pedra.bela,BR-SP-PedraBela,11,"{""postalCode_ranges"": ""[12990-000 12994-999]""}"
297976,76,3536901,Pedranópolis,SP,PNL,952230,pedranopolis,BR-SP-Pedranopolis,17,"{""postalCode_ranges"": ""[15630-000 15639-999]""}"
298352,76,3537008,Pedregulho,SP,PGH,1760087,pedregulho,BR-SP-Pedregulho,16,"{""postalCode_ranges"": ""[14470-000 14489-999]""}"
298283,76,3537107,Pedreira,SP,PDR,786140,pedreira,BR-SP-Pedreira,19,"{""postalCode_ranges"": ""[13920-000 13929-999]""}"
298231,76,3537156,Pedrinhas Paulista,SP,PEP,1761002,pedrinhas.paulista,BR-SP-PedrinhasPaulista,18,"{""postalCode_ranges"": ""[19865-000 19869-999]""}"
298030,76,3537206,Pedro de Toledo,SP,PTD,570464,pedro.toledo,BR-SP-PedroToledo,13,"{""postalCode_ranges"": ""[11790-000 11799-999]""}"
298180,76,3537305,Penápolis,SP,PNP,986508,penapolis,BR-SP-Penapolis,18,"{""postalCode_ranges"": ""[16300-001 16309-999]""}"
298068,76,3537404,Pereira Barreto,SP,PBT,928154,pereira.barreto,BR-SP-PereiraBarreto,18,"{""postalCode_ranges"": ""[15370-000 15379-999]""}"
298247,76,3537503,Pereiras,SP,PRR,1795718,pereiras,BR-SP-Pereiras,14,"{""postalCode_ranges"": ""[18580-000 18589-999]""}"
298456,76,3537602,Peruíbe,SP,PRB,912136,peruibe,BR-SP-Peruibe,13,"{""postalCode_ranges"": ""[11750-000 11759-999]""}"
297998,76,3537701,Piacatu,SP,PCT,1795562,piacatu,BR-SP-Piacatu,18,"{""postalCode_ranges"": ""[16230-000 16239-999]""}"
298441,76,3537800,Piedade,SP,PDD,1800748,piedade,BR-SP-Piedade,15,"{""postalCode_ranges"": ""[18170-000 18179-999]""}"
297958,76,3537909,Pilar do Sul,SP,PLS,1800635,pilar.sul,BR-SP-PilarSul,15,"{""postalCode_ranges"": ""[18185-000 18189-999]""}"
298189,76,3538006,Pindamonhangaba,SP,PDH,974642,pindamonhangaba,BR-SP-Pindamonhangaba,12,"{""postalCode_ranges"": ""[12400-001 12449-999]""}"
298355,76,3538105,Pindorama,SP,PDM,1648152,pindorama,BR-SP-Pindorama,17,"{""postalCode_ranges"": ""[15830-000 15839-999]""}"
298482,76,3538204,Pinhalzinho,SP,PIZ,1649843,pinhalzinho,BR-SP-Pinhalzinho,11,"{""postalCode_ranges"": ""[12995-000 12999-999]""}"
298070,76,3538303,Piquerobi,SP,PQB,1761094,piquerobi,BR-SP-Piquerobi,18,"{""postalCode_ranges"": ""[19410-000 19429-999]""}"
298228,76,3538501,Piquete,SP,PQT,1760068,piquete,BR-SP-Piquete,12,"{""postalCode_ranges"": ""[12620-000 12629-999]""}"
298428,76,3538600,Piracaia,SP,PRC,1760752,piracaia,BR-SP-Piracaia,11,"{""postalCode_ranges"": ""[12970-000 12979-999]""}"
298413,76,3538709,Piracicaba,SP,PIR,330175,piracicaba,BR-SP-Piracicaba,19,"{""postalCode_ranges"": ""[13400-001 13439-999]""}"
298248,76,3538808,Piraju,SP,PRJ,1795515,piraju,BR-SP-Piraju,14,"{""postalCode_ranges"": ""[18800-000 18829-999]""}"
298362,76,3538907,Pirajuí,SP,PRI,985494,pirajui,BR-SP-Pirajui,14,"{""postalCode_ranges"": ""[16600-000 16639-999]""}"
297969,76,3539004,Pirangi,SP,PGI,1759848,pirangi,BR-SP-Pirangi,17,"{""postalCode_ranges"": ""[15820-000 15822-999]""}"
298334,76,3539103,Pirapora do Bom Jesus,SP,PBJ,1760867,pirapora.bom.jesus,BR-SP-PiraporaBomJesus,11,"{""postalCode_ranges"": ""[06550-000 06599-999]""}"
298217,76,3539202,Pirapozinho,SP,PZH,1760765,pirapozinho,BR-SP-Pirapozinho,18,"{""postalCode_ranges"": ""[19200-000 19209-999]""}"
298346,76,3539301,Pirassununga,SP,PNG,1750431,pirassununga,BR-SP-Pirassununga,19,"{""postalCode_ranges"": ""[13630-001 13649-999]""}"
298312,76,3539400,Piratininga,SP,PTG,1648432,piratininga,BR-SP-Piratininga,14,"{""postalCode_ranges"": ""[17490-000 17499-999]""}"
298083,76,3539509,Pitangueiras,SP,PGR,939666,pitangueiras,BR-SP-Pitangueiras,16,"{""postalCode_ranges"": ""[14750-000 14764-999]""}"
298350,76,3539608,Planalto,SP,PLT,1795617,planalto,BR-SP-Planalto,18,"{""postalCode_ranges"": ""[15260-000 15264-999]""}"
298326,76,3539707,Platina,SP,PTN,1808246,platina,BR-SP-Platina,18,"{""postalCode_ranges"": ""[19990-000 19999-999]""}"
298340,76,3539806,Poá,SP,POA,377601,poa,BR-SP-Poa,11,"{""postalCode_ranges"": ""[08550-001 08569-999]""}"
298518,76,3539905,Poloni,SP,POL,1760554,poloni,BR-SP-Poloni,17,"{""postalCode_ranges"": ""[15160-000 15169-999]""}"
298505,76,3540002,Pompéia,SP,PMP,1759694,pompeia,BR-SP-Pompeia,14,"{""postalCode_ranges"": ""[17580-000 17589-999]""}"
298453,76,3540101,Pongaí,SP,POG,728178,pongai,BR-SP-Pongai,14,"{""postalCode_ranges"": ""[16660-000 16669-999]""}"
298029,76,3540200,Pontal,SP,PON,1759836,pontal,BR-SP-Pontal,16,"{""postalCode_ranges"": ""[14180-000 14199-999]""}"
298461,76,3540259,Pontalinda,SP,PTL,617400,pontalinda,BR-SP-Pontalinda,17,"{""postalCode_ranges"": ""[15718-000 15719-999]""}"
298416,76,3540309,Pontes Gestal,SP,PGT,743048,pontes.gestal,BR-SP-PontesGestal,17,"{""postalCode_ranges"": ""[15560-000 15569-999]""}"
298072,76,3540408,Populina,SP,PPL,1759221,populina,BR-SP-Populina,17,"{""postalCode_ranges"": ""[15670-000 15679-999]""}"
298510,76,3540507,Porangaba,SP,PGA,1759470,porangaba,BR-SP-Porangaba,15,"{""postalCode_ranges"": ""[18260-000 18264-999]""}"
298485,76,3540606,Porto Feliz,SP,PFZ,1645090,porto.feliz,BR-SP-PortoFeliz,15,"{""postalCode_ranges"": ""[18540-000 18549-999]""}"
298178,76,3540705,Porto Ferreira,SP,PFR,1772643,porto.ferreira,BR-SP-PortoFerreira,19,"{""postalCode_ranges"": ""[13660-000 13669-999]""}"
298245,76,3540754,Potim,SP,POT,1795824,potim,BR-SP-Potim,12,"{""postalCode_ranges"": ""[12525-000 12529-999]""}"
298065,76,3540804,Potirendaba,SP,PTR,1648299,potirendaba,BR-SP-Potirendaba,17,"{""postalCode_ranges"": ""[15105-000 15107-999]""}"
297962,76,3540853,Pracinha,SP,PRA,1761735,pracinha,BR-SP-Pracinha,18,"{""postalCode_ranges"": ""[17790-000 17799-999]""}"
298033,76,3540903,Pradópolis,SP,PDP,1649607,pradopolis,BR-SP-Pradopolis,16,"{""postalCode_ranges"": ""[14850-000 14859-999]""}"
298316,76,3541000,Praia Grande,SP,PRG,851292,praia.grande,BR-SP-PraiaGrande,13,"{""postalCode_ranges"": ""[11700-001 11729-999]""}"
298251,76,3541059,Pratânia,SP,PRT,944467,pratania,BR-SP-Pratania,14,"{""postalCode_ranges"": ""[18660-000 18669-999]""}"
298267,76,3541109,Presidente Alves,SP,PSA,1750185,presidente.alves,BR-SP-PresidenteAlves,14,"{""postalCode_ranges"": ""[16670-000 16679-999]""}"
298115,76,3541208,Presidente Bernardes,SP,PSB,1816203,presidente.bernardes,BR-SP-PresidenteBernardes,18,"{""postalCode_ranges"": ""[19300-000 19349-999]""}"
298351,76,3541307,Presidente Epitácio,SP,PSE,983495,presidente.epitacio,BR-SP-PresidenteEpitacio,18,"{""postalCode_ranges"": ""[19470-000 19499-999]""}"
298001,76,3541406,Presidente Prudente,SP,PSP,525618,presidente.prudente,BR-SP-PresidentePrudente,18,"{""postalCode_ranges"": ""[19000-001 19159-999]""}"
298327,76,3541505,Presidente Venceslau,SP,PSV,1645733,presidente.venceslau,BR-SP-PresidenteVenceslau,18,"{""postalCode_ranges"": ""[19400-000 19409-999]""}"
298271,76,3541604,Promissão,SP,PSS,431377,promissao,BR-SP-Promissao,14,"{""postalCode_ranges"": ""[16370-000 16399-999]""}"
298090,76,3541653,Quadra,SP,QDR,1795680,quadra,BR-SP-Quadra,15,"{""postalCode_ranges"": ""[18255-000 18259-999]""}"
297905,76,3541703,Quatá,SP,QTA,1760383,quata,BR-SP-Quata,18,"{""postalCode_ranges"": ""[19780-000 19799-999]""}"
298275,76,3541802,Queiroz,SP,QRO,1759072,queiroz,BR-SP-Queiroz,14,"{""postalCode_ranges"": ""[17590-000 17599-999]""}"
298199,76,3541901,Queluz,SP,QLZ,1816194,queluz,BR-SP-Queluz,12,"{""postalCode_ranges"": ""[12800-000 12819-999]""}"
298105,76,3542008,Quintana,SP,QTN,951645,quintana,BR-SP-Quintana,14,"{""postalCode_ranges"": ""[17670-000 17679-999]""}"
297931,76,3542107,Rafard,SP,RFR,544881,rafard,BR-SP-Rafard,19,"{""postalCode_ranges"": ""[13370-000 13374-999]""}"
298513,76,3542206,Rancharia,SP,RHR,1760603,rancharia,BR-SP-Rancharia,18,"{""postalCode_ranges"": ""[19600-000 19639-999]""}"
298013,76,3542305,Redenção da Serra,SP,RDS,1759632,redencao.serra,BR-SP-RedencaoSerra,12,"{""postalCode_ranges"": ""[12170-000 12179-999]""}"
298239,76,3542404,Regente Feijó,SP,RGF,1760843,regente.feijo,BR-SP-RegenteFeijo,18,"{""postalCode_ranges"": ""[19570-000 19579-999]""}"
298055,76,3542503,Reginópolis,SP,RGP,958001,reginopolis,BR-SP-Reginopolis,14,"{""postalCode_ranges"": ""[17190-000 17199-999]""}"
298174,76,3542602,Registro,SP,RGT,1798084,registro,BR-SP-Registro,13,"{""postalCode_ranges"": ""[11900-000 11909-999]""}"
298314,76,3542701,Restinga,SP,RSG,1795805,restinga,BR-SP-Restinga,16,"{""postalCode_ranges"": ""[14430-000 14439-999]""}"
298134,76,3542800,Ribeira,SP,RIB,1808722,ribeira,BR-SP-Ribeira,15,"{""postalCode_ranges"": ""[18380-000 18384-999]""}"
298145,76,3542909,Ribeirão Bonito,SP,RBB,1760595,ribeirao.bonito,BR-SP-RibeiraoBonito,16,"{""postalCode_ranges"": ""[13580-000 13589-999]""}"
297937,76,3543006,Ribeirão Branco,SP,RBR,734937,ribeirao.branco,BR-SP-RibeiraoBranco,15,"{""postalCode_ranges"": ""[18430-000 18434-999]""}"
298028,76,3543105,Ribeirão Corrente,SP,RCR,682868,ribeirao.corrente,BR-SP-RibeiraoCorrente,16,"{""postalCode_ranges"": ""[14445-000 14449-999]""}"
297956,76,3543204,Ribeirão do Sul,SP,RBS,1761103,ribeirao.sul,BR-SP-RibeiraoSul,14,"{""postalCode_ranges"": ""[19930-000 19939-999]""}"
298417,76,3543238,Ribeirão dos Índios,SP,RBI,1760983,ribeirao.indios,BR-SP-RibeiraoIndios,18,"{""postalCode_ranges"": ""[19380-000 19399-999]""}"
298467,76,3543253,Ribeirão Grande,SP,RBG,667439,ribeirao.grande,BR-SP-RibeiraoGrande,15,"{""postalCode_ranges"": ""[18315-000 18319-999]""}"
298074,76,3543303,Ribeirão Pires,SP,RPI,927935,ribeirao.pires,BR-SP-RibeiraoPires,11,"{""postalCode_ranges"": ""[09400-001 09449-999]""}"
298156,76,3543402,Ribeirão Preto,SP,RPR,188892,ribeirao.preto,BR-SP-RibeiraoPreto,16,"{""postalCode_ranges"": ""[14000-001 14114-999]""}"
298282,76,3543501,Riversul,SP,RVS,985613,riversul,BR-SP-Riversul,15,"{""postalCode_ranges"": ""[18470-000 18474-999]""}"
297953,76,3543600,Rifaina,SP,RFN,1760079,rifaina,BR-SP-Rifaina,16,"{""postalCode_ranges"": ""[14490-000 14499-999]""}"
298175,76,3543709,Rincão,SP,RNC,744399,rincao,BR-SP-Rincao,16,"{""postalCode_ranges"": ""[14830-000 14834-999]""}"
298421,76,3543808,Rinópolis,SP,RNP,1761556,rinopolis,BR-SP-Rinopolis,18,"{""postalCode_ranges"": ""[17740-000 17759-999]""}"
298435,76,3543907,Rio Claro,SP,RCL,291277,rio.claro,BR-SP-RioClaro,19,"{""postalCode_ranges"": ""[13500-001 13509-999]""}"
298222,76,3544004,Rio das Pedras,SP,RPD,1760134,rio.pedras,BR-SP-RioPedras,19,"{""postalCode_ranges"": ""[13390-000 13399-999]""}"
298097,76,3544103,Rio Grande da Serra,SP,RGS,663633,rio.grande.serra,BR-SP-RioGrandeSerra,11,"{""postalCode_ranges"": ""[09450-000 09499-999]""}"
298099,76,3544202,Riolândia,SP,RLD,1759077,riolandia,BR-SP-Riolandia,17,"{""postalCode_ranges"": ""[15495-000 15499-999]""}"
298483,76,3544251,Rosana,SP,RSN,1795604,rosana,BR-SP-Rosana,18,"{""postalCode_ranges"": ""[19273-000 19274-999]""}"
298155,76,3544301,Roseira,SP,RSR,1648728,roseira,BR-SP-Roseira,12,"{""postalCode_ranges"": ""[12580-000 12599-999]""}"
298330,76,3544400,Rubiácea,SP,RBC,602128,rubiacea,BR-SP-Rubiacea,18,"{""postalCode_ranges"": ""[16750-000 16789-999]""}"
298108,76,3544509,Rubinéia,SP,RBN,1648190,rubineia,BR-SP-Rubineia,17,"{""postalCode_ranges"": ""[15790-000 15799-999]""}"
298078,76,3544608,Sabino,SP,SAB,1760536,sabino,BR-SP-Sabino,14,"{""postalCode_ranges"": ""[16440-000 16449-999]""}"
298343,76,3544707,Sagres,SP,SAG,1796404,sagres,BR-SP-Sagres,18,"{""postalCode_ranges"": ""[17710-000 17719-999]""}"
298150,76,3544806,Sales,SP,SAL,584240,sales,BR-SP-Sales,17,"{""postalCode_ranges"": ""[14980-000 14989-999]""}"
298503,76,3544905,Sales Oliveira,SP,SLO,1649639,sales.oliveira,BR-SP-SalesOliveira,16,"{""postalCode_ranges"": ""[14660-000 14669-999]""}"
298284,76,3545001,Salesópolis,SP,SLS,1645107,salesopolis,BR-SP-Salesopolis,11,"{""postalCode_ranges"": ""[08970-000 08999-999]""}"
298113,76,3545100,Salmourão,SP,SLM,1761702,salmourao,BR-SP-Salmourao,18,"{""postalCode_ranges"": ""[17720-000 17729-999]""}"
298464,76,3545159,Saltinho,SP,STH,605693,saltinho,BR-SP-Saltinho,19,"{""postalCode_ranges"": ""[13440-000 13449-999]""}"
298520,76,3545209,Salto,SP,SLT,1994826,salto,BR-SP-Salto,11,"{""postalCode_ranges"": ""[13320-001 13329-999]""}"
298476,76,3545308,Salto de Pirapora,SP,SLR,1760043,salto.pirapora,BR-SP-SaltoPirapora,15,"{""postalCode_ranges"": ""[18160-000 18169-999]""}"
298511,76,3545407,Salto Grande,SP,SGR,1760400,salto.grande,BR-SP-SaltoGrande,14,"{""postalCode_ranges"": ""[19920-000 19929-999]""}"
298146,76,3545506,Sandovalina,SP,SDV,597804,sandovalina,BR-SP-Sandovalina,18,"{""postalCode_ranges"": ""[19250-000 19259-999]""}"
298364,76,3545605,Santa Adélia,SP,SAD,1760559,santa.adelia,BR-SP-SantaAdelia,17,"{""postalCode_ranges"": ""[15950-000 15959-999]""}"
298333,76,3545704,Santa Albertina,SP,SAT,1648356,santa.albertina,BR-SP-SantaAlbertina,17,"{""postalCode_ranges"": ""[15750-000 15754-999]""}"
297927,76,3545803,Santa Bárbara d'Oeste,SP,SOB,983747,santa.barbara.oeste,BR-SP-SantaBarbaraOeste,19,"{""postalCode_ranges"": ""[13450-001 13464-999]""}"
2709127,76,3546009,Santa Branca,SP,SBR,1759617,santa.branca,BR-SP-SantaBranca,12,"{""postalCode_ranges"": ""[12380-000 12399-999]""}"
298024,76,3546108,Santa Clara d'Oeste,SP,SCL,1649614,santa.clara.oeste,BR-SP-SantaClaraOeste,17,"{""postalCode_ranges"": ""[15785-000 15789-999]""}"
298141,76,3546207,Santa Cruz da Conceição,SP,SCN,922039,santa.cruz.conceicao,BR-SP-SantaCruzConceicao,19,"{""postalCode_ranges"": ""[13625-000 13629-999]""}"
298338,76,3546256,Santa Cruz da Esperança,SP,SCE,1760390,santa.cruz.esperanca,BR-SP-SantaCruzEsperanca,16,"{""postalCode_ranges"": ""[14250-000 14259-999]""}"
298451,76,3546306,Santa Cruz das Palmeiras,SP,SCP,1648129,santa.cruz.palmeiras,BR-SP-SantaCruzPalmeiras,19,"{""postalCode_ranges"": ""[13650-000 13659-999]""}"
298106,76,3546405,Santa Cruz do Rio Pardo,SP,SCD,1646321,santa.cruz.rio.pardo,BR-SP-SantaCruzRioPardo,14,"{""postalCode_ranges"": ""[18900-000 18934-999]""}"
297989,76,3546504,Santa Ernestina,SP,SET,1760235,santa.ernestina,BR-SP-SantaErnestina,16,"{""postalCode_ranges"": ""[15970-000 15979-999]""}"
298406,76,3546603,Santa Fé do Sul,SP,SFS,1648142,santa.fe.sul,BR-SP-SantaFeSul,17,"{""postalCode_ranges"": ""[15775-000 15779-999]""}"
298197,76,3546702,Santa Gertrudes,SP,SGT,1222916,santa.gertrudes,BR-SP-SantaGertrudes,19,"{""postalCode_ranges"": ""[13510-000 13514-999]""}"
298250,76,3546801,Santa Isabel,SP,SIS,952830,santa.isabel,BR-SP-SantaIsabel,11,"{""postalCode_ranges"": ""[07500-000 07599-999]""}"
298207,76,3546900,Santa Lúcia,SP,SLC,1948975,santa.lucia,BR-SP-SantaLucia,16,"{""postalCode_ranges"": ""[14825-000 14829-999]""}"
297979,76,3547007,Santa Maria da Serra,SP,SMS,1759992,santa.maria.serra,BR-SP-SantaMariaSerra,19,"{""postalCode_ranges"": ""[17370-000 17379-999]""}"
297925,76,3547106,Santa Mercedes,SP,SMD,1649817,santa.mercedes,BR-SP-SantaMercedes,18,"{""postalCode_ranges"": ""[17940-000 17949-999]""}"
298310,76,3547205,Santana da Ponte Pensa,SP,SPP,587790,santana.ponte.pensa,BR-SP-SantanaPontePensa,17,"{""postalCode_ranges"": ""[15765-000 15767-999]""}"
298304,76,3547304,Santana de Parnaíba,SP,SPB,526318,santana.parnaiba,BR-SP-SantanaParnaiba,11,"{""postalCode_ranges"": ""[06500-001 06549-999]""}"
298211,76,3547403,Santa Rita d'Oeste,SP,SRO,1649615,santa.rita.oeste,BR-SP-SantaRitaOeste,17,"{""postalCode_ranges"": ""[15780-000 15784-999]""}"
298173,76,3547502,Santa Rita do Passa Quatro,SP,SRQ,1649619,santa.rita.passa.quatro,BR-SP-SantaRitaPassaQuatro,19,"{""postalCode_ranges"": ""[13670-000 13689-999]""}"
298307,76,3547601,Santa Rosa de Viterbo,SP,SRV,1097771,santa.rosa.viterbo,BR-SP-SantaRosaViterbo,16,"{""postalCode_ranges"": ""[14270-000 14299-999]""}"
298399,76,3547650,Santa Salete,SP,STL,1649808,santa.salete,BR-SP-SantaSalete,17,"{""postalCode_ranges"": ""[15768-000 15769-999]""}"
297970,76,3547700,Santo Anastácio,SP,SAS,1800625,santo.anastacio,BR-SP-SantoAnastacio,18,"{""postalCode_ranges"": ""[19360-000 19379-999]""}"
298086,76,3547809,Santo André,SP,SDR,191652,santo.andre,BR-SP-SantoAndre,11,"{""postalCode_ranges"": ""[09000-001 09299-999]""}"
298295,76,3547908,Santo Antônio da Alegria,SP,SAA,584881,santo.antonio.alegria,BR-SP-SantoAntonioAlegria,16,"{""postalCode_ranges"": ""[14390-000 14399-999]""}"
298138,76,3548005,Santo Antônio de Posse,SP,SPS,1760121,santo.antonio.posse,BR-SP-SantoAntonioPosse,19,"{""postalCode_ranges"": ""[13830-000 13834-999]""}"
298167,76,3548054,Santo Antônio do Aracanguá,SP,SAR,1658515,santo.antonio.aracangua,BR-SP-SantoAntonioAracangua,18,"{""postalCode_ranges"": ""[16130-000 16199-999]""}"
298484,76,3548104,Santo Antônio do Jardim,SP,SJD,1658504,santo.antonio.jardim,BR-SP-SantoAntonioJardim,19,"{""postalCode_ranges"": ""[13995-000 13999-999]""}"
298009,76,3548203,Santo Antônio do Pinhal,SP,SPH,1760210,santo.antonio.pinhal,BR-SP-SantoAntonioPinhal,12,"{""postalCode_ranges"": ""[12450-000 12459-999]""}"
298131,76,3548302,Santo Expedito,SP,SXE,1798847,santo.expedito,BR-SP-SantoExpedito,18,"{""postalCode_ranges"": ""[19190-000 19199-999]""}"
297949,76,3548401,Santópolis do Aguapeí,SP,STA,1760320,santopolis.aguapei,BR-SP-SantopolisAguapei,18,"{""postalCode_ranges"": ""[16240-000 16249-999]""}"
298442,76,3548500,Santos,SP,SAN,81882,santos,BR-SP-Santos,13,"{""postalCode_ranges"": ""[11000-001 11249-999]""}"
298342,76,3548609,São Bento do Sapucaí,SP,SBS,1760047,sao.bento.sapucai,BR-SP-SaoBentoSapucai,12,"{""postalCode_ranges"": ""[12490-000 12499-999]""}"
297968,76,3548708,São Bernardo do Campo,SP,SBC,184403,sao.bernardo.campo,BR-SP-SaoBernardoCampo,11,"{""postalCode_ranges"": ""[09600-001 09899-999]""}"
298170,76,3548807,São Caetano do Sul,SP,SCS,967648,sao.caetano.sul,BR-SP-SaoCaetanoSul,11,"{""postalCode_ranges"": ""[09500-001 09599-999]""}"
297986,76,3548906,São Carlos,SP,SCA,194338,sao.carlos,BR-SP-SaoCarlos,16,"{""postalCode_ranges"": ""[13560-001 13579-999]""}"
298003,76,3549003,São Francisco,SP,SFR,1759712,sao.francisco,BR-SP-SaoFrancisco,17,"{""postalCode_ranges"": ""[15710-000 15712-999]""}"
298438,76,3549102,São João da Boa Vista,SP,SJB,925419,sao.joao.boa.vista,BR-SP-SaoJoaoBoaVista,19,"{""postalCode_ranges"": ""[13870-001 13879-999]""}"
298201,76,3549201,São João das Duas Pontes,SP,SJP,1750087,sao.joao.duas.pontes,BR-SP-SaoJoaoDuasPontes,17,"{""postalCode_ranges"": ""[15640-000 15649-999]""}"
298495,76,3549250,São João de Iracema,SP,SJI,967110,sao.joao.iracema,BR-SP-SaoJoaoIracema,17,"{""postalCode_ranges"": ""[15315-000 15319-999]""}"
298274,76,3549300,São João do Pau d'Alho,SP,SJA,1760232,sao.joao.pau.alho,BR-SP-SaoJoaoPauAlho,18,"{""postalCode_ranges"": ""[17970-000 17979-999]""}"
297942,76,3549409,São Joaquim da Barra,SP,SJQ,1759699,sao.joaquim.barra,BR-SP-SaoJoaquimBarra,16,"{""postalCode_ranges"": ""[14600-000 14609-999]""}"
298044,76,3549508,São José da Bela Vista,SP,SBV,1759853,sao.jose.bela.vista,BR-SP-SaoJoseBelaVista,16,"{""postalCode_ranges"": ""[14440-000 14444-999]""}"
298172,76,3549607,São José do Barreiro,SP,SJO,1750230,sao.jose.barreiro,BR-SP-SaoJoseBarreiro,12,"{""postalCode_ranges"": ""[12830-000 12849-999]""}"
298171,76,3549706,São José do Rio Pardo,SP,SRP,984555,sao.jose.rio.pardo,BR-SP-SaoJoseRioPardo,19,"{""postalCode_ranges"": ""[13720-000 13729-999]""}"
298344,76,3549805,São José do Rio Preto,SP,SJR,192181,sao.jose.rio.preto,BR-SP-SaoJoseRioPreto,17,"{""postalCode_ranges"": ""[15000-001 15104-999]""}"
298019,76,3549904,São José dos Campos,SP,SJC,191642,sao.jose.campos,BR-SP-SaoJoseCampos,12,"{""postalCode_ranges"": ""[12200-001 12249-999]""}"
298444,76,3549953,São Lourenço da Serra,SP,SLA,581348,sao.lourenco.serra,BR-SP-SaoLourencoSerra,11,"{""postalCode_ranges"": ""[06890-000 06899-999]""}"
297981,76,3550001,São Luiz do Paraitinga,SP,SLP,1646919,sao.luiz.paraitinga,BR-SP-SaoLuizParaitinga,12,"{""postalCode_ranges"": ""[12140-000 12169-999]""}"
298339,76,3550100,São Manuel,SP,SMN,1760298,sao.manuel,BR-SP-SaoManuel,14,"{""postalCode_ranges"": ""[18650-000 18659-999]""}"
298522,76,3550209,São Miguel Arcanjo,SP,SMA,1808286,sao.miguel.arcanjo,BR-SP-SaoMiguelArcanjo,15,"{""postalCode_ranges"": ""[18230-000 18239-999]""}"
298285,76,3550308,São Paulo,SP,SPA,174,sao.paulo,BR-SP-SaoPaulo,11,"{""postalCode_ranges"": ""[01000-001 05999-999] [08000-000 08499-999]""}"
1692965,76,3550407,São Pedro,SP,SPR,924342,sao.pedro,BR-SP-SaoPedro,19,"{""postalCode_ranges"": ""[13520-000 13524-999]""}"
298046,76,3550506,São Pedro do Turvo,SP,SPT,1760853,sao.pedro.turvo,BR-SP-SaoPedroTurvo,14,"{""postalCode_ranges"": ""[18940-000 18949-999]""}"
298124,76,3550605,São Roque,SP,SQE,1815958,sao.roque,BR-SP-SaoRoque,11,"{""postalCode_ranges"": ""[18130-001 18146-999]""}"
298504,76,3550704,São Sebastião,SP,SSB,587013,sao.sebastiao,BR-SP-SaoSebastiao,12,"{""postalCode_ranges"": ""[11600-001 11629-999]""}"
298006,76,3550803,São Sebastião da Grama,SP,SSG,1648307,sao.sebastiao.grama,BR-SP-SaoSebastiaoGrama,19,"{""postalCode_ranges"": ""[13790-000 13799-999]""}"
298365,76,3550902,São Simão,SP,SSM,1808922,sao.simao,BR-SP-SaoSimao,16,"{""postalCode_ranges"": ""[14200-000 14209-999]""}"
297995,76,3551009,São Vicente,SP,SVC,272254,sao.vicente,BR-SP-SaoVicente,13,"{""postalCode_ranges"": ""[11300-001 11399-999]""}"
298535,76,3551108,Sarapuí,SP,SRI,1760099,sarapui,BR-SP-Sarapui,15,"{""postalCode_ranges"": ""[18225-000 18229-999]""}"
298512,76,3551207,Sarutaiá,SP,SRA,1760940,sarutaia,BR-SP-Sarutaia,14,"{""postalCode_ranges"": ""[18840-000 18859-999]""}"
298162,76,3551306,Sebastianópolis do Sul,SP,STS,1649838,sebastianopolis.sul,BR-SP-SebastianopolisSul,17,"{""postalCode_ranges"": ""[15180-000 15189-999]""}"
298488,76,3551405,Serra Azul,SP,SAZ,1760125,serra.azul,BR-SP-SerraAzul,16,"{""postalCode_ranges"": ""[14230-000 14239-999]""}"
298237,76,3551504,Serrana,SP,SRR,374548,serrana,BR-SP-Serrana,16,"{""postalCode_ranges"": ""[14150-000 14159-999]""}"
298111,76,3551603,Serra Negra,SP,SRN,1439179,serra.negra,BR-SP-SerraNegra,19,"{""postalCode_ranges"": ""[13930-000 13939-999]""}"
298517,76,3551702,Sertãozinho,SP,STZ,1795634,sertaozinho,BR-SP-Sertaozinho,16,"{""postalCode_ranges"": ""[14160-001 14179-999]""}"
298496,76,3551801,Sete Barras,SP,STB,738959,sete.barras,BR-SP-SeteBarras,13,"{""postalCode_ranges"": ""[11910-000 11919-999]""}"
298126,76,3551900,Severínia,SP,SVR,1760500,severinia,BR-SP-Severinia,17,"{""postalCode_ranges"": ""[14735-000 14739-999]""}"
298092,76,3552007,Silveiras,SP,SLV,1761063,silveiras,BR-SP-Silveiras,12,"{""postalCode_ranges"": ""[12690-000 12699-999]""}"
298249,76,3552106,Socorro,SP,SCR,1797503,socorro,BR-SP-Socorro,19,"{""postalCode_ranges"": ""[13960-000 13969-999]""}"
298424,76,3552205,Sorocaba,SP,SCB,188901,sorocaba,BR-SP-Sorocaba,15,"{""postalCode_ranges"": ""[18000-001 18109-999]""}"
298474,76,3552304,Sud Mennucci,SP,SDM,1761710,sud.mennucci,BR-SP-SudMennucci,18,"{""postalCode_ranges"": ""[15360-000 15369-999]""}"
298278,76,3552403,Sumaré,SP,SMR,942135,sumare,BR-SP-Sumare,19,"{""postalCode_ranges"": ""[13170-001 13182-999]""}"
298085,76,3552502,Suzano,SP,SZN,737670,suzano,BR-SP-Suzano,11,"{""postalCode_ranges"": ""[08600-001 08699-999]""}"
297983,76,3552551,Suzanápolis,SP,SUZ,1750257,suzanapolis,BR-SP-Suzanapolis,18,"{""postalCode_ranges"": ""[15380-000 15384-999]""}"
298147,76,3552601,Tabapuã,SP,TBP,301283,tabapua,BR-SP-Tabapua,17,"{""postalCode_ranges"": ""[15880-000 15884-999]""}"
298205,76,3552700,Tabatinga,SP,TBG,22064419,tabatinga,BR-SP-Tabatinga,16,"{""postalCode_ranges"": ""[14910-000 14919-999]""}"
298389,76,3552809,Taboão da Serra,SP,TBS,841231,taboao.serra,BR-SP-TaboaoSerra,11,"{""postalCode_ranges"": ""[06750-001 06799-999]""}"
298159,76,3552908,Taciba,SP,TCB,22064418,taciba,BR-SP-Taciba,18,"{""postalCode_ranges"": ""[19590-000 19599-999]""}"
298051,76,3553005,Taguaí,SP,TGI,1760276,taguai,BR-SP-Taguai,14,"{""postalCode_ranges"": ""[18890-000 18899-999]""}"
298027,76,3553104,Taiaçu,SP,TAI,1760116,taiacu,BR-SP-Taiacu,16,"{""postalCode_ranges"": ""[14725-000 14729-999]""}"
298516,76,3553203,Taiúva,SP,TAV,1760091,taiuva,BR-SP-Taiuva,16,"{""postalCode_ranges"": ""[14720-000 14724-999]""}"
298025,76,3553302,Tambaú,SP,TAM,650146,tambau,BR-SP-Tambau,19,"{""postalCode_ranges"": ""[13710-000 13714-999]""}"
298130,76,3553401,Tanabi,SP,TNB,923862,tanabi,BR-SP-Tanabi,17,"{""postalCode_ranges"": ""[15170-000 15179-999]""}"
298360,76,3553500,Tapiraí,SP,TPR,22064413,tapirai,BR-SP-Tapirai,15,"{""postalCode_ranges"": ""[18180-000 18184-999]""}"
298087,76,3553609,Tapiratiba,SP,TPB,1658532,tapiratiba,BR-SP-Tapiratiba,19,"{""postalCode_ranges"": ""[13760-000 13769-999]""}"
298273,76,3553658,Taquaral,SP,TAQ,22064411,taquaral,BR-SP-Taquaral,16,"{""postalCode_ranges"": ""[14765-000 14769-999]""}"
298056,76,3553708,Taquaritinga,SP,TQR,1645082,taquaritinga,BR-SP-Taquaritinga,16,"{""postalCode_ranges"": ""[15900-000 15909-999]""}"
298235,76,3553807,Taquarituba,SP,TQT,1759780,taquarituba,BR-SP-Taquarituba,14,"{""postalCode_ranges"": ""[18740-000 18744-999]""}"
298313,76,3553856,Taquarivaí,SP,TQV,1759820,taquarivai,BR-SP-Taquarivai,15,"{""postalCode_ranges"": ""[18425-000 18429-999]""}"
298433,76,3553906,Tarabai,SP,TRB,22064407,tarabai,BR-SP-Tarabai,18,"{""postalCode_ranges"": ""[19210-000 19219-999]""}"
298382,76,3553955,Tarumã,SP,TRM,1649959,taruma,BR-SP-Taruma,18,"{""postalCode_ranges"": ""[19820-000 19829-999]""}"
298142,76,3554003,Tatuí,SP,TTI,1795613,tatui,BR-SP-Tatui,15,"{""postalCode_ranges"": ""[18270-001 18284-999]""}"
298039,76,3554102,Taubaté,SP,TBT,170540,taubate,BR-SP-Taubate,12,"{""postalCode_ranges"": ""[12000-001 12119-999]""}"
298244,76,3554201,Tejupá,SP,TJP,1760311,tejupa,BR-SP-Tejupa,14,"{""postalCode_ranges"": ""[18830-000 18839-999]""}"
298490,76,3554300,Teodoro Sampaio,SP,TDS,13109202,teodoro.sampaio,BR-SP-TeodoroSampaio,18,"{""postalCode_ranges"": ""[19280-000 19299-999]""}"
297975,76,3554409,Terra Roxa,SP,TRX,1759814,terra.roxa,BR-SP-TerraRoxa,17,"{""postalCode_ranges"": ""[14745-000 14749-999]""}"
298280,76,3554508,Tietê,SP,TIT,542815,tiete,BR-SP-Tiete,15,"{""postalCode_ranges"": ""[18530-000 18534-999]""}"
297978,76,3554607,Timburi,SP,TMB,1760263,timburi,BR-SP-Timburi,14,"{""postalCode_ranges"": ""[18860-000 18869-999]""}"
298455,76,3554656,Torre de Pedra,SP,TOP,1759645,torre.pedra,BR-SP-TorrePedra,15,"{""postalCode_ranges"": ""[18265-000 18269-999]""}"
298394,76,3554706,Torrinha,SP,TRR,1751333,torrinha,BR-SP-Torrinha,14,"{""postalCode_ranges"": ""[17360-000 17369-999]""}"
298109,76,3554755,Trabiju,SP,TBJ,22064400,trabiju,BR-SP-Trabiju,16,"{""postalCode_ranges"": ""[14935-000 14939-999]""}"
298255,76,3554805,Tremembé,SP,TMM,22064399,tremembe,BR-SP-Tremembe,12,"{""postalCode_ranges"": ""[12120-000 12129-999]""}"
298215,76,3554904,Três Fronteiras,SP,TFR,1750027,tres.fronteiras,BR-SP-TresFronteiras,17,"{""postalCode_ranges"": ""[15770-000 15772-999]""}"
298299,76,3554953,Tuiuti,SP,TUI,22064397,tuiuti,BR-SP-Tuiuti,11,"{""postalCode_ranges"": ""[12930-000 12934-999]""}"
298164,76,3555000,Tupã,SP,TUP,961143,tupa,BR-SP-Tupa,14,"{""postalCode_ranges"": ""[17600-001 17629-999]""}"
298098,76,3555109,Tupi Paulista,SP,TPA,1760131,tupi.paulista,BR-SP-TupiPaulista,18,"{""postalCode_ranges"": ""[17930-000 17939-999]""}"
298528,76,3555208,Turiúba,SP,TUB,22064394,turiuba,BR-SP-Turiuba,18,"{""postalCode_ranges"": ""[15280-000 15284-999]""}"
298012,76,3555307,Turmalina,SP,TUR,1762903,turmalina,BR-SP-Turmalina,17,"{""postalCode_ranges"": ""[15755-000 15759-999]""}"
297915,76,3555356,Ubarana,SP,UBR,1750070,ubarana,BR-SP-Ubarana,17,"{""postalCode_ranges"": ""[15225-000 15229-999]""}"
298203,76,3555406,Ubatuba,SP,UBT,596931,ubatuba,BR-SP-Ubatuba,12,"{""postalCode_ranges"": ""[11680-000 11699-999]""}"
297936,76,3555505,Ubirajara,SP,UJR,1646327,ubirajara,BR-SP-Ubirajara,14,"{""postalCode_ranges"": ""[17440-000 17449-999]""}"
298380,76,3555604,Uchoa,SP,UCH,1658522,uchoa,BR-SP-Uchoa,17,"{""postalCode_ranges"": ""[15890-000 15894-999]""}"
298233,76,3555703,União Paulista,SP,UNP,1658483,uniao.paulista,BR-SP-UniaoPaulista,17,"{""postalCode_ranges"": ""[15250-000 15259-999]""}"
298011,76,3555802,Urânia,SP,URN,1759227,urania,BR-SP-Urania,17,"{""postalCode_ranges"": ""[15760-000 15762-999]""}"
298305,76,3555901,Uru,SP,URU,13109246,uru,BR-SP-Uru,14,"{""postalCode_ranges"": ""[16650-000 16659-999]""}"
297894,76,3556008,Urupês,SP,URP,1759763,urupes,BR-SP-Urupes,17,"{""postalCode_ranges"": ""[15850-000 15859-999]""}"
297940,76,3556107,Valentim Gentil,SP,VLG,947263,valentim.gentil,BR-SP-ValentimGentil,17,"{""postalCode_ranges"": ""[15520-000 15524-999]""}"
298319,76,3556206,Valinhos,SP,VLH,983511,valinhos,BR-SP-Valinhos,19,"{""postalCode_ranges"": ""[13270-001 13279-999]""}"
298381,76,3556305,Valparaíso,SP,VPS,13109251,valparaiso,BR-SP-Valparaiso,18,"{""postalCode_ranges"": ""[16880-000 16899-999]""}"
298325,76,3556354,Vargem,SP,VAR,1760599,vargem,BR-SP-Vargem,11,"{""postalCode_ranges"": ""[12935-000 12939-999]""}"
297971,76,3556404,Vargem Grande do Sul,SP,VGS,767854,vargem.grande.sul,BR-SP-VargemGrandeSul,19,"{""postalCode_ranges"": ""[13880-000 13889-999]""}"
298008,76,3556453,Vargem Grande Paulista,SP,VGP,1750075,vargem.grande.paulista,BR-SP-VargemGrandePaulista,11,"{""postalCode_ranges"": ""[06730-000 06749-999]""}"
298047,76,3556503,Várzea Paulista,SP,VZP,1759112,varzea.paulista,BR-SP-VarzeaPaulista,11,"{""postalCode_ranges"": ""[13220-001 13229-999]""}"
298043,76,3556602,Vera Cruz,SP,VCR,22066862,vera.cruz,BR-SP-VeraCruz,14,"{""postalCode_ranges"": ""[17560-000 17569-999]""}"
298037,76,3556701,Vinhedo,SP,VNH,983534,vinhedo,BR-SP-Vinhedo,19,"{""postalCode_ranges"": ""[13280-001 13289-999]""}"
298042,76,3556800,Viradouro,SP,VRD,1760032,viradouro,BR-SP-Viradouro,17,"{""postalCode_ranges"": ""[14740-000 14744-999]""}"
298499,76,3556909,Vista Alegre do Alto,SP,VAT,1759858,vista.alegre.alto,BR-SP-VistaAlegreAlto,16,"{""postalCode_ranges"": ""[15920-000 15929-999]""}"
298445,76,3556958,Vitória Brasil,SP,VTB,1750221,vitoria.brasil,BR-SP-VitoriaBrasil,17,"{""postalCode_ranges"": ""[15713-000 15714-999]""}"
297909,76,3557006,Votorantim,SP,VOT,942083,votorantim,BR-SP-Votorantim,15,"{""postalCode_ranges"": ""[18110-001 18119-999]""}"
298439,76,3557105,Votuporanga,SP,VTG,1759612,votuporanga,BR-SP-Votuporanga,17,"{""postalCode_ranges"": ""[15500-001 15519-999]""}"
298089,76,3557154,Zacarias,SP,ZAC,1760645,zacarias,BR-SP-Zacarias,18,"{""postalCode_ranges"": ""[15265-000 15269-999]""}"
298493,76,3557204,Chavantes,SP,CHV,1795758,chavantes,BR-SP-Chavantes,14,"{""postalCode_ranges"": ""[18970-000 18989-999]""}"
297955,76,3557303,Estiva Gerbi,SP,ESG,738934,estiva.gerbi,BR-SP-EstivaGerbi,19,"{""postalCode_ranges"": ""[13857-000 13859-999]""}"
